Symbol,Date,Open,High,Low,Close,Volume,Dividends,Stock_Splits
COMI.CA,2026-01-01,130.0,131.13,127.95,128.18,0,0.0,0.0
COMI.CA,2026-01-04,128.18,128.58,126.78,127.77,0,0.0,0.0
COMI.CA,2026-01-05,127.77,128.57,127.6,128.42,0,0.0,0.0
COMI.CA,2026-01-06,128.42,129.38,127.83,129.05,0,0.0,0.0
COMI.CA,2026-01-07,129.05,129.28,127.91,129.27,0,0.0,0.0
COMI.CA,2026-01-08,129.27,130.34,128.74,129.73,0,0.0,0.0
COMI.CA,2026-01-11,129.73,130.57,129.02,130.25,0,0.0,0.0
COMI.CA,2026-01-12,130.25,131.62,130.19,130.55,0,0.0,0.0
COMI.CA,2026-01-13,130.55,131.4,129.44,131.35,0,0.0,0.0
COMI.CA,2026-01-14,131.35,133.52,130.14,133.13,0,0.0,0.0
COMI.CA,2026-01-15,133.13,133.37,131.8,132.69,0,0.0,0.0
COMI.CA,2026-01-18,132.69,134.5,131.65,133.71,0,0.0,0.0
COMI.CA,2026-01-19,133.71,134.48,132.22,133.47,0,0.0,0.0
COMI.CA,2026-01-20,133.47,133.96,131.89,132.4,0,0.0,0.0
COMI.CA,2026-01-21,132.4,133.13,131.63,132.02,0,0.0,0.0
COMI.CA,2026-01-22,132.02,133.41,131.32,133.05,0,0.0,0.0
COMI.CA,2026-01-25,133.05,134.9,132.9,134.09,0,0.0,0.0
COMI.CA,2026-01-26,134.09,136.1,133.44,134.78,0,0.0,0.0
COMI.CA,2026-01-27,134.78,138.45,134.39,137.12,0,0.0,0.0
COMI.CA,2026-01-28,137.12,137.84,134.75,136.11,0,0.0,0.0
COMI.CA,2026-01-29,136.11,136.88,133.38,134.09,0,0.0,0.0
COMI.CA,2026-02-01,134.09,134.33,133.23,134.05,0,0.0,0.0
COMI.CA,2026-02-02,134.05,136.62,134.02,136.62,0,0.0,0.0
COMI.CA,2026-02-03,136.62,137.78,133.44,134.53,0,0.0,0.0
COMI.CA,2026-02-04,134.53,134.98,133.32,134.07,0,0.0,0.0
COMI.CA,2026-02-05,134.07,134.34,131.07,131.45,0,0.0,0.0
COMI.CA,2026-02-08,131.45,132.12,130.01,130.44,0,0.0,0.0
COMI.CA,2026-02-09,130.44,131.86,129.5,131.41,0,0.0,0.0
COMI.CA,2026-02-10,131.41,131.64,128.5,128.93,0,0.0,0.0
COMI.CA,2026-02-11,128.93,131.0,127.9,129.82,0,0.0,0.0
COMI.CA,2026-02-12,129.82,130.63,128.56,129.72,0,0.0,0.0
COMI.CA,2026-02-15,129.72,130.74,128.32,128.86,0,0.0,0.0
COMI.CA,2026-02-16,128.86,130.98,127.93,130.59,0,0.0,0.0
COMI.CA,2026-02-17,130.59,131.05,129.69,130.78,0,0.0,0.0
COMI.CA,2026-02-18,130.78,133.27,129.51,132.81,0,0.0,0.0
COMI.CA,2026-02-19,132.81,134.12,129.49,130.32,0,0.0,0.0
COMI.CA,2026-02-22,130.32,131.2,129.54,130.69,0,0.0,0.0
COMI.CA,2026-02-23,130.69,132.92,130.28,132.0,0,0.0,0.0
COMI.CA,2026-02-24,132.0,132.66,131.24,131.55,0,0.0,0.0
COMI.CA,2026-02-25,131.55,134.2,131.15,133.92,0,0.0,0.0
COMI.CA,2026-02-26,133.92,136.49,132.7,135.45,0,0.0,0.0
COMI.CA,2026-03-01,135.45,136.1,132.2,132.88,0,0.0,0.0
COMI.CA,2026-03-02,132.88,136.1,132.18,135.13,0,0.0,0.0
COMI.CA,2026-03-03,135.13,136.31,132.09,133.2,0,0.0,0.0
COMI.CA,2026-03-04,133.2,134.32,132.23,134.14,0,0.0,0.0
COMI.CA,2026-03-05,134.14,135.99,134.13,135.29,0,0.0,0.0
COMI.CA,2026-03-08,135.29,137.1,135.17,136.3,0,0.0,0.0
COMI.CA,2026-03-09,136.3,137.01,132.93,133.83,0,0.0,0.0
COMI.CA,2026-03-10,133.83,134.67,132.64,134.25,0,0.0,0.0
COMI.CA,2026-03-11,134.25,134.62,132.17,132.6,0,0.0,0.0
COMI.CA,2026-03-12,132.6,132.8,130.21,130.57,0,0.0,0.0
COMI.CA,2026-03-15,130.57,131.88,130.3,131.21,0,0.0,0.0
COMI.CA,2026-03-16,131.21,131.4,129.34,130.26,0,0.0,0.0
COMI.CA,2026-03-17,130.26,130.35,128.13,128.93,0,0.0,0.0
COMI.CA,2026-03-18,128.93,129.1,128.03,128.64,0,0.0,0.0
COMI.CA,2026-03-19,128.64,128.71,126.06,126.61,0,0.0,0.0
COMI.CA,2026-03-22,126.61,127.85,125.55,127.1,0,0.0,0.0
COMI.CA,2026-03-23,127.1,128.09,126.06,127.69,0,0.0,0.0
COMI.CA,2026-03-24,127.69,129.24,126.45,128.56,0,0.0,0.0
COMI.CA,2026-03-25,128.56,128.73,127.33,128.38,0,0.0,0.0
COMI.CA,2026-03-26,128.38,128.96,127.34,128.22,0,0.0,0.0
COMI.CA,2026-03-29,128.22,128.52,127.75,128.04,0,0.0,0.0
COMI.CA,2026-03-30,128.04,129.81,127.54,128.64,0,0.0,0.0
COMI.CA,2026-03-31,128.64,130.5,127.5,129.49,0,0.0,0.0
COMI.CA,2026-04-01,129.49,130.11,126.6,127.06,0,0.0,0.0
COMI.CA,2026-04-02,127.06,128.04,124.62,125.39,0,0.0,0.0
COMI.CA,2026-04-05,125.39,126.42,122.4,123.4,0,0.0,0.0
COMI.CA,2026-04-06,123.4,125.12,122.74,124.14,0,0.0,0.0
COMI.CA,2026-04-07,124.14,124.91,123.03,123.71,0,0.0,0.0
COMI.CA,2026-04-08,123.71,124.13,122.13,123.14,0,0.0,0.0
COMI.CA,2026-04-09,123.14,125.08,122.17,124.54,0,0.0,0.0
COMI.CA,2026-04-12,124.54,125.37,123.13,123.23,0,0.0,0.0
COMI.CA,2026-04-13,123.23,124.2,122.5,123.6,0,0.0,0.0
COMI.CA,2026-04-14,123.6,124.89,123.38,123.87,0,0.0,0.0
COMI.CA,2026-04-15,123.87,124.0,120.73,121.74,0,0.0,0.0
COMI.CA,2026-04-16,121.74,122.34,120.35,121.15,0,0.0,0.0
COMI.CA,2026-04-19,121.15,123.76,120.06,122.69,0,0.0,0.0
COMI.CA,2026-04-20,122.69,122.87,120.06,120.24,0,0.0,0.0
COMI.CA,2026-04-21,120.24,120.93,119.47,119.71,0,0.0,0.0
COMI.CA,2026-04-22,119.71,120.39,117.74,118.83,0,0.0,0.0
COMI.CA,2026-04-23,118.83,121.46,117.66,120.94,0,0.0,0.0
COMI.CA,2026-04-26,120.94,120.95,117.76,118.95,0,0.0,0.0
COMI.CA,2026-04-27,118.95,119.3,116.74,117.18,0,0.0,0.0
COMI.CA,2026-04-28,117.18,118.0,114.13,115.09,0,0.0,0.0
COMI.CA,2026-04-29,115.09,117.75,114.82,116.75,0,0.0,0.0
COMI.CA,2026-04-30,116.75,117.12,115.81,116.26,0,0.0,0.0
COMI.CA,2026-05-03,116.26,117.24,115.71,116.47,0,0.0,0.0
COMI.CA,2026-05-04,116.47,117.55,114.95,115.93,0,0.0,0.0
COMI.CA,2026-05-05,115.93,119.02,115.77,118.24,0,0.0,0.0
COMI.CA,2026-05-06,118.24,119.09,115.37,115.95,0,0.0,0.0
COMI.CA,2026-05-07,115.95,118.32,115.21,118.22,0,0.0,0.0
COMI.CA,2026-05-10,118.22,119.15,117.3,118.01,0,0.0,0.0
COMI.CA,2026-05-11,118.01,118.61,115.85,116.5,0,0.0,0.0
COMI.CA,2026-05-12,116.5,116.72,115.13,115.83,0,0.0,0.0
COMI.CA,2026-05-13,115.83,117.71,115.25,117.44,0,0.0,0.0
COMI.CA,2026-05-14,117.44,118.09,116.29,117.66,0,0.0,0.0
COMI.CA,2026-05-17,117.66,118.75,117.09,118.62,0,0.0,0.0
COMI.CA,2026-05-18,118.62,119.49,115.75,116.92,0,0.0,0.0
COMI.CA,2026-05-19,116.92,118.76,116.83,118.22,0,0.0,0.0
COMI.CA,2026-05-20,118.22,118.78,115.39,116.27,0,0.0,0.0
COMI.CA,2026-05-21,116.27,117.01,113.38,114.31,0,0.0,0.0
COMI.CA,2026-05-24,114.31,114.7,111.38,112.27,0,0.0,0.0
COMI.CA,2026-05-25,112.27,112.86,111.45,112.33,0,0.0,0.0
COMI.CA,2026-05-26,112.33,115.3,112.01,114.4,0,0.0,0.0
COMI.CA,2026-05-27,114.4,117.2,113.57,116.34,0,0.0,0.0
COMI.CA,2026-05-28,116.34,116.89,114.1,114.3,0,0.0,0.0
COMI.CA,2026-05-31,114.3,117.46,113.59,116.54,0,0.0,0.0
COMI.CA,2026-06-01,116.54,117.13,113.6,114.59,0,0.0,0.0
COMI.CA,2026-06-02,114.59,114.91,111.93,112.91,0,0.0,0.0
COMI.CA,2026-06-03,112.91,113.11,110.49,111.16,0,0.0,0.0
COMI.CA,2026-06-04,111.16,112.06,110.63,110.92,0,0.0,0.0
COMI.CA,2026-06-07,110.92,111.81,109.89,110.85,0,0.0,0.0
COMI.CA,2026-06-08,110.85,111.01,107.97,109.01,0,0.0,0.0
COMI.CA,2026-06-09,109.01,110.09,108.15,108.99,0,0.0,0.0
COMI.CA,2026-06-10,108.99,109.68,108.5,108.73,0,0.0,0.0
COMI.CA,2026-06-11,108.73,109.43,107.24,108.06,0,0.0,0.0
COMI.CA,2026-06-14,108.06,108.49,106.29,106.62,0,0.0,0.0
COMI.CA,2026-06-15,106.62,108.27,106.22,107.7,0,0.0,0.0
COMI.CA,2026-06-16,107.7,107.86,106.65,107.59,0,0.0,0.0
COMI.CA,2026-06-17,107.59,109.91,106.86,109.43,0,0.0,0.0
COMI.CA,2026-06-18,109.43,110.27,108.43,110.23,0,0.0,0.0
COMI.CA,2026-06-21,110.23,112.72,109.22,112.24,0,0.0,0.0
COMI.CA,2026-06-22,112.24,112.54,111.39,111.5,0,0.0,0.0
HRHO.CA,2026-01-01,18.5,18.68,18.23,18.4,0,0.0,0.0
HRHO.CA,2026-01-04,18.4,18.52,18.32,18.48,0,0.0,0.0
HRHO.CA,2026-01-05,18.48,18.61,18.02,18.18,0,0.0,0.0
HRHO.CA,2026-01-06,18.18,18.2,17.72,17.74,0,0.0,0.0
HRHO.CA,2026-01-07,17.74,17.8,17.45,17.49,0,0.0,0.0
HRHO.CA,2026-01-08,17.49,17.7,16.99,17.13,0,0.0,0.0
HRHO.CA,2026-01-11,17.13,17.66,16.98,17.52,0,0.0,0.0
HRHO.CA,2026-01-12,17.52,17.86,17.38,17.83,0,0.0,0.0
HRHO.CA,2026-01-13,17.83,18.11,17.63,17.89,0,0.0,0.0
HRHO.CA,2026-01-14,17.89,17.99,17.46,17.67,0,0.0,0.0
HRHO.CA,2026-01-15,17.67,18.1,17.58,18.04,0,0.0,0.0
HRHO.CA,2026-01-18,18.04,18.35,18.0,18.28,0,0.0,0.0
HRHO.CA,2026-01-19,18.28,18.62,18.2,18.53,0,0.0,0.0
HRHO.CA,2026-01-20,18.53,19.01,18.43,18.95,0,0.0,0.0
HRHO.CA,2026-01-21,18.95,19.5,18.91,19.36,0,0.0,0.0
HRHO.CA,2026-01-22,19.36,19.55,18.97,19.02,0,0.0,0.0
HRHO.CA,2026-01-25,19.02,19.58,19.0,19.41,0,0.0,0.0
HRHO.CA,2026-01-26,19.41,19.54,19.3,19.48,0,0.0,0.0
HRHO.CA,2026-01-27,19.48,19.64,18.91,19.14,0,0.0,0.0
HRHO.CA,2026-01-28,19.14,19.31,18.7,18.92,0,0.0,0.0
HRHO.CA,2026-01-29,18.92,19.15,18.8,18.93,0,0.0,0.0
HRHO.CA,2026-02-01,18.93,19.44,18.74,19.26,0,0.0,0.0
HRHO.CA,2026-02-02,19.26,19.49,18.58,18.78,0,0.0,0.0
HRHO.CA,2026-02-03,18.78,19.06,18.7,18.84,0,0.0,0.0
HRHO.CA,2026-02-04,18.84,18.99,18.52,18.75,0,0.0,0.0
HRHO.CA,2026-02-05,18.75,19.01,18.73,18.78,0,0.0,0.0
HRHO.CA,2026-02-08,18.78,19.18,18.74,19.03,0,0.0,0.0
HRHO.CA,2026-02-09,19.03,19.08,18.75,18.92,0,0.0,0.0
HRHO.CA,2026-02-10,18.92,19.12,18.9,19.04,0,0.0,0.0
HRHO.CA,2026-02-11,19.04,19.29,18.99,19.26,0,0.0,0.0
HRHO.CA,2026-02-12,19.26,19.47,19.24,19.35,0,0.0,0.0
HRHO.CA,2026-02-15,19.35,19.48,18.96,19.16,0,0.0,0.0
HRHO.CA,2026-02-16,19.16,19.65,19.15,19.64,0,0.0,0.0
HRHO.CA,2026-02-17,19.64,19.67,18.99,19.19,0,0.0,0.0
HRHO.CA,2026-02-18,19.19,19.35,18.94,19.15,0,0.0,0.0
HRHO.CA,2026-02-19,19.15,19.45,19.14,19.23,0,0.0,0.0
HRHO.CA,2026-02-22,19.23,19.49,19.01,19.38,0,0.0,0.0
HRHO.CA,2026-02-23,19.38,19.61,19.34,19.58,0,0.0,0.0
HRHO.CA,2026-02-24,19.58,19.77,19.28,19.39,0,0.0,0.0
HRHO.CA,2026-02-25,19.39,19.68,19.36,19.48,0,0.0,0.0
HRHO.CA,2026-02-26,19.48,19.82,19.28,19.77,0,0.0,0.0
HRHO.CA,2026-03-01,19.77,20.32,19.6,20.08,0,0.0,0.0
HRHO.CA,2026-03-02,20.08,20.7,20.05,20.56,0,0.0,0.0
HRHO.CA,2026-03-03,20.56,21.06,20.41,20.86,0,0.0,0.0
HRHO.CA,2026-03-04,20.86,20.9,20.35,20.46,0,0.0,0.0
HRHO.CA,2026-03-05,20.46,20.62,20.22,20.51,0,0.0,0.0
HRHO.CA,2026-03-08,20.51,20.73,19.94,20.1,0,0.0,0.0
HRHO.CA,2026-03-09,20.1,20.22,19.61,19.61,0,0.0,0.0
HRHO.CA,2026-03-10,19.61,19.77,18.99,19.21,0,0.0,0.0
HRHO.CA,2026-03-11,19.21,19.7,19.04,19.51,0,0.0,0.0
HRHO.CA,2026-03-12,19.51,19.78,19.41,19.65,0,0.0,0.0
HRHO.CA,2026-03-15,19.65,19.77,19.61,19.76,0,0.0,0.0
HRHO.CA,2026-03-16,19.76,20.35,19.57,20.2,0,0.0,0.0
HRHO.CA,2026-03-17,20.2,20.26,19.67,19.7,0,0.0,0.0
HRHO.CA,2026-03-18,19.7,19.79,19.11,19.3,0,0.0,0.0
HRHO.CA,2026-03-19,19.3,19.49,18.87,19.03,0,0.0,0.0
HRHO.CA,2026-03-22,19.03,19.22,18.58,18.74,0,0.0,0.0
HRHO.CA,2026-03-23,18.74,18.78,18.56,18.72,0,0.0,0.0
HRHO.CA,2026-03-24,18.72,18.93,18.62,18.86,0,0.0,0.0
HRHO.CA,2026-03-25,18.86,19.33,18.85,19.15,0,0.0,0.0
HRHO.CA,2026-03-26,19.15,19.6,18.96,19.56,0,0.0,0.0
HRHO.CA,2026-03-29,19.56,19.78,19.0,19.18,0,0.0,0.0
HRHO.CA,2026-03-30,19.18,19.23,18.85,19.01,0,0.0,0.0
HRHO.CA,2026-03-31,19.01,19.36,18.99,19.28,0,0.0,0.0
HRHO.CA,2026-04-01,19.28,19.73,19.23,19.64,0,0.0,0.0
HRHO.CA,2026-04-02,19.64,19.86,19.58,19.62,0,0.0,0.0
HRHO.CA,2026-04-05,19.62,19.71,19.55,19.58,0,0.0,0.0
HRHO.CA,2026-04-06,19.58,19.95,19.53,19.71,0,0.0,0.0
HRHO.CA,2026-04-07,19.71,19.91,19.68,19.9,0,0.0,0.0
HRHO.CA,2026-04-08,19.9,19.94,19.77,19.86,0,0.0,0.0
HRHO.CA,2026-04-09,19.86,20.16,19.7,19.96,0,0.0,0.0
HRHO.CA,2026-04-12,19.96,20.2,19.42,19.63,0,0.0,0.0
HRHO.CA,2026-04-13,19.63,20.1,19.39,19.98,0,0.0,0.0
HRHO.CA,2026-04-14,19.98,20.39,19.8,20.32,0,0.0,0.0
HRHO.CA,2026-04-15,20.32,20.4,19.91,20.06,0,0.0,0.0
HRHO.CA,2026-04-16,20.06,20.19,19.92,20.15,0,0.0,0.0
HRHO.CA,2026-04-19,20.15,20.64,20.03,20.63,0,0.0,0.0
HRHO.CA,2026-04-20,20.63,20.77,20.03,20.15,0,0.0,0.0
HRHO.CA,2026-04-21,20.15,20.58,20.09,20.47,0,0.0,0.0
HRHO.CA,2026-04-22,20.47,20.66,19.73,19.97,0,0.0,0.0
HRHO.CA,2026-04-23,19.97,20.13,19.75,19.77,0,0.0,0.0
HRHO.CA,2026-04-26,19.77,19.94,19.37,19.58,0,0.0,0.0
HRHO.CA,2026-04-27,19.58,19.69,18.92,19.11,0,0.0,0.0
HRHO.CA,2026-04-28,19.11,19.3,18.93,19.02,0,0.0,0.0
HRHO.CA,2026-04-29,19.02,19.35,19.0,19.15,0,0.0,0.0
HRHO.CA,2026-04-30,19.15,19.16,18.89,18.99,0,0.0,0.0
HRHO.CA,2026-05-03,18.99,19.54,18.8,19.41,0,0.0,0.0
HRHO.CA,2026-05-04,19.41,19.62,18.82,19.0,0,0.0,0.0
HRHO.CA,2026-05-05,19.0,19.58,18.79,19.42,0,0.0,0.0
HRHO.CA,2026-05-06,19.42,19.57,19.2,19.29,0,0.0,0.0
HRHO.CA,2026-05-07,19.29,19.37,19.12,19.35,0,0.0,0.0
HRHO.CA,2026-05-10,19.35,19.88,19.32,19.82,0,0.0,0.0
HRHO.CA,2026-05-11,19.82,20.4,19.58,20.26,0,0.0,0.0
HRHO.CA,2026-05-12,20.26,20.57,20.17,20.51,0,0.0,0.0
HRHO.CA,2026-05-13,20.51,20.76,20.49,20.69,0,0.0,0.0
HRHO.CA,2026-05-14,20.69,20.83,20.65,20.68,0,0.0,0.0
HRHO.CA,2026-05-17,20.68,21.0,20.6,20.86,0,0.0,0.0
HRHO.CA,2026-05-18,20.86,21.42,20.65,21.17,0,0.0,0.0
HRHO.CA,2026-05-19,21.17,21.41,20.59,20.71,0,0.0,0.0
HRHO.CA,2026-05-20,20.71,21.19,20.46,21.12,0,0.0,0.0
HRHO.CA,2026-05-21,21.12,21.3,20.75,20.88,0,0.0,0.0
HRHO.CA,2026-05-24,20.88,21.06,20.8,20.9,0,0.0,0.0
HRHO.CA,2026-05-25,20.9,20.97,20.81,20.94,0,0.0,0.0
HRHO.CA,2026-05-26,20.94,21.17,20.92,21.09,0,0.0,0.0
HRHO.CA,2026-05-27,21.09,21.34,20.64,20.81,0,0.0,0.0
HRHO.CA,2026-05-28,20.81,20.98,20.57,20.65,0,0.0,0.0
HRHO.CA,2026-05-31,20.65,21.07,20.54,20.85,0,0.0,0.0
HRHO.CA,2026-06-01,20.85,21.06,20.43,20.47,0,0.0,0.0
HRHO.CA,2026-06-02,20.47,20.72,20.25,20.45,0,0.0,0.0
HRHO.CA,2026-06-03,20.45,20.57,20.26,20.3,0,0.0,0.0
HRHO.CA,2026-06-04,20.3,20.58,20.05,20.51,0,0.0,0.0
HRHO.CA,2026-06-07,20.51,20.88,20.47,20.71,0,0.0,0.0
HRHO.CA,2026-06-08,20.71,20.79,20.2,20.23,0,0.0,0.0
HRHO.CA,2026-06-09,20.23,20.37,19.9,19.91,0,0.0,0.0
HRHO.CA,2026-06-10,19.91,20.0,19.62,19.75,0,0.0,0.0
HRHO.CA,2026-06-11,19.75,19.98,19.45,19.55,0,0.0,0.0
HRHO.CA,2026-06-14,19.55,19.66,19.12,19.2,0,0.0,0.0
HRHO.CA,2026-06-15,19.2,19.66,19.12,19.43,0,0.0,0.0
HRHO.CA,2026-06-16,19.43,19.5,19.17,19.4,0,0.0,0.0
HRHO.CA,2026-06-17,19.4,19.51,19.26,19.47,0,0.0,0.0
HRHO.CA,2026-06-18,19.47,19.64,19.23,19.41,0,0.0,0.0
HRHO.CA,2026-06-21,19.41,19.54,18.99,19.06,0,0.0,0.0
HRHO.CA,2026-06-22,19.06,19.49,19.04,19.38,0,0.0,0.0
ETEL.CA,2026-01-01,22.5,22.76,22.45,22.63,0,0.0,0.0
ETEL.CA,2026-01-04,22.63,22.64,22.31,22.43,0,0.0,0.0
ETEL.CA,2026-01-05,22.43,22.6,22.32,22.58,0,0.0,0.0
ETEL.CA,2026-01-06,22.58,22.72,22.21,22.42,0,0.0,0.0
ETEL.CA,2026-01-07,22.42,22.45,22.11,22.3,0,0.0,0.0
ETEL.CA,2026-01-08,22.3,22.36,22.11,22.19,0,0.0,0.0
ETEL.CA,2026-01-11,22.19,22.54,22.03,22.52,0,0.0,0.0
ETEL.CA,2026-01-12,22.52,23.14,22.45,22.96,0,0.0,0.0
ETEL.CA,2026-01-13,22.96,23.49,22.75,23.39,0,0.0,0.0
ETEL.CA,2026-01-14,23.39,23.49,23.34,23.47,0,0.0,0.0
ETEL.CA,2026-01-15,23.47,24.05,23.45,23.82,0,0.0,0.0
ETEL.CA,2026-01-18,23.82,24.08,23.72,24.06,0,0.0,0.0
ETEL.CA,2026-01-19,24.06,24.19,23.81,23.98,0,0.0,0.0
ETEL.CA,2026-01-20,23.98,24.02,23.54,23.63,0,0.0,0.0
ETEL.CA,2026-01-21,23.63,23.83,23.0,23.2,0,0.0,0.0
ETEL.CA,2026-01-22,23.2,23.37,23.19,23.26,0,0.0,0.0
ETEL.CA,2026-01-25,23.26,23.48,22.85,23.04,0,0.0,0.0
ETEL.CA,2026-01-26,23.04,23.39,22.94,23.18,0,0.0,0.0
ETEL.CA,2026-01-27,23.18,23.41,23.15,23.35,0,0.0,0.0
ETEL.CA,2026-01-28,23.35,23.83,23.18,23.81,0,0.0,0.0
ETEL.CA,2026-01-29,23.81,24.08,23.66,23.87,0,0.0,0.0
ETEL.CA,2026-02-01,23.87,24.09,23.75,24.06,0,0.0,0.0
ETEL.CA,2026-02-02,24.06,24.43,24.05,24.39,0,0.0,0.0
ETEL.CA,2026-02-03,24.39,24.79,24.35,24.76,0,0.0,0.0
ETEL.CA,2026-02-04,24.76,24.99,24.59,24.68,0,0.0,0.0
ETEL.CA,2026-02-05,24.68,24.94,24.55,24.71,0,0.0,0.0
ETEL.CA,2026-02-08,24.71,24.73,24.21,24.4,0,0.0,0.0
ETEL.CA,2026-02-09,24.4,24.96,24.23,24.76,0,0.0,0.0
ETEL.CA,2026-02-10,24.76,25.11,24.74,24.94,0,0.0,0.0
ETEL.CA,2026-02-11,24.94,25.26,24.81,25.26,0,0.0,0.0
ETEL.CA,2026-02-12,25.26,25.35,25.01,25.24,0,0.0,0.0
ETEL.CA,2026-02-15,25.24,25.3,24.84,24.89,0,0.0,0.0
ETEL.CA,2026-02-16,24.89,25.21,24.76,25.0,0,0.0,0.0
ETEL.CA,2026-02-17,25.0,25.24,24.97,25.05,0,0.0,0.0
ETEL.CA,2026-02-18,25.05,25.26,24.4,24.63,0,0.0,0.0
ETEL.CA,2026-02-19,24.63,24.72,24.24,24.44,0,0.0,0.0
ETEL.CA,2026-02-22,24.44,24.73,24.36,24.54,0,0.0,0.0
ETEL.CA,2026-02-23,24.54,24.74,24.03,24.08,0,0.0,0.0
ETEL.CA,2026-02-24,24.08,24.13,23.71,23.74,0,0.0,0.0
ETEL.CA,2026-02-25,23.74,23.9,23.15,23.34,0,0.0,0.0
ETEL.CA,2026-02-26,23.34,23.78,23.33,23.6,0,0.0,0.0
ETEL.CA,2026-03-01,23.6,24.0,23.59,23.88,0,0.0,0.0
ETEL.CA,2026-03-02,23.88,23.9,23.48,23.64,0,0.0,0.0
ETEL.CA,2026-03-03,23.64,24.13,23.59,23.91,0,0.0,0.0
ETEL.CA,2026-03-04,23.91,23.99,23.59,23.61,0,0.0,0.0
ETEL.CA,2026-03-05,23.61,24.25,23.53,24.03,0,0.0,0.0
ETEL.CA,2026-03-08,24.03,24.21,23.97,24.03,0,0.0,0.0
ETEL.CA,2026-03-09,24.03,24.17,23.64,23.64,0,0.0,0.0
ETEL.CA,2026-03-10,23.64,23.71,23.14,23.35,0,0.0,0.0
ETEL.CA,2026-03-11,23.35,23.81,23.3,23.79,0,0.0,0.0
ETEL.CA,2026-03-12,23.79,24.08,23.65,23.99,0,0.0,0.0
ETEL.CA,2026-03-15,23.99,24.47,23.9,24.43,0,0.0,0.0
ETEL.CA,2026-03-16,24.43,24.49,24.12,24.15,0,0.0,0.0
ETEL.CA,2026-03-17,24.15,24.18,23.76,23.79,0,0.0,0.0
ETEL.CA,2026-03-18,23.79,24.11,23.78,23.98,0,0.0,0.0
ETEL.CA,2026-03-19,23.98,24.05,23.47,23.61,0,0.0,0.0
ETEL.CA,2026-03-22,23.61,24.16,23.48,24.06,0,0.0,0.0
ETEL.CA,2026-03-23,24.06,24.45,24.04,24.4,0,0.0,0.0
ETEL.CA,2026-03-24,24.4,24.57,24.34,24.38,0,0.0,0.0
ETEL.CA,2026-03-25,24.38,24.41,24.26,24.37,0,0.0,0.0
ETEL.CA,2026-03-26,24.37,24.4,23.87,23.97,0,0.0,0.0
ETEL.CA,2026-03-29,23.97,24.19,23.36,23.59,0,0.0,0.0
ETEL.CA,2026-03-30,23.59,24.12,23.45,24.04,0,0.0,0.0
ETEL.CA,2026-03-31,24.04,24.24,23.51,23.68,0,0.0,0.0
ETEL.CA,2026-04-01,23.68,24.02,23.62,23.88,0,0.0,0.0
ETEL.CA,2026-04-02,23.88,24.12,23.77,24.02,0,0.0,0.0
ETEL.CA,2026-04-05,24.02,24.14,23.86,23.93,0,0.0,0.0
ETEL.CA,2026-04-06,23.93,23.99,23.43,23.55,0,0.0,0.0
ETEL.CA,2026-04-07,23.55,23.57,23.2,23.21,0,0.0,0.0
ETEL.CA,2026-04-08,23.21,23.61,23.12,23.38,0,0.0,0.0
ETEL.CA,2026-04-09,23.38,23.53,23.04,23.06,0,0.0,0.0
ETEL.CA,2026-04-12,23.06,23.47,22.88,23.29,0,0.0,0.0
ETEL.CA,2026-04-13,23.29,23.55,23.23,23.44,0,0.0,0.0
ETEL.CA,2026-04-14,23.44,23.91,23.22,23.78,0,0.0,0.0
ETEL.CA,2026-04-15,23.78,24.0,23.62,23.71,0,0.0,0.0
ETEL.CA,2026-04-16,23.71,23.82,23.58,23.59,0,0.0,0.0
ETEL.CA,2026-04-19,23.59,24.0,23.42,23.93,0,0.0,0.0
ETEL.CA,2026-04-20,23.93,24.1,23.46,23.58,0,0.0,0.0
ETEL.CA,2026-04-21,23.58,23.91,23.42,23.75,0,0.0,0.0
ETEL.CA,2026-04-22,23.75,23.95,23.61,23.73,0,0.0,0.0
ETEL.CA,2026-04-23,23.73,23.96,23.57,23.72,0,0.0,0.0
ETEL.CA,2026-04-26,23.72,24.25,23.71,24.17,0,0.0,0.0
ETEL.CA,2026-04-27,24.17,24.58,23.99,24.5,0,0.0,0.0
ETEL.CA,2026-04-28,24.5,24.96,24.48,24.88,0,0.0,0.0
ETEL.CA,2026-04-29,24.88,24.97,24.58,24.74,0,0.0,0.0
ETEL.CA,2026-04-30,24.74,25.04,24.51,24.89,0,0.0,0.0
ETEL.CA,2026-05-03,24.89,24.97,24.7,24.7,0,0.0,0.0
ETEL.CA,2026-05-04,24.7,24.91,24.52,24.66,0,0.0,0.0
ETEL.CA,2026-05-05,24.66,24.83,24.29,24.43,0,0.0,0.0
ETEL.CA,2026-05-06,24.43,24.53,24.17,24.31,0,0.0,0.0
ETEL.CA,2026-05-07,24.31,24.47,23.84,23.92,0,0.0,0.0
ETEL.CA,2026-05-10,23.92,24.25,23.77,24.17,0,0.0,0.0
ETEL.CA,2026-05-11,24.17,24.29,23.91,24.11,0,0.0,0.0
ETEL.CA,2026-05-12,24.11,24.57,24.04,24.44,0,0.0,0.0
ETEL.CA,2026-05-13,24.44,25.03,24.38,24.93,0,0.0,0.0
ETEL.CA,2026-05-14,24.93,25.14,24.5,24.52,0,0.0,0.0
ETEL.CA,2026-05-17,24.52,24.72,23.98,24.1,0,0.0,0.0
ETEL.CA,2026-05-18,24.1,24.55,24.03,24.39,0,0.0,0.0
ETEL.CA,2026-05-19,24.39,24.52,24.27,24.32,0,0.0,0.0
ETEL.CA,2026-05-20,24.32,24.55,24.13,24.44,0,0.0,0.0
ETEL.CA,2026-05-21,24.44,24.61,23.76,23.97,0,0.0,0.0
ETEL.CA,2026-05-24,23.97,24.2,23.51,23.69,0,0.0,0.0
ETEL.CA,2026-05-25,23.69,24.23,23.54,24.1,0,0.0,0.0
ETEL.CA,2026-05-26,24.1,24.24,23.89,24.04,0,0.0,0.0
ETEL.CA,2026-05-27,24.04,24.08,23.87,23.91,0,0.0,0.0
ETEL.CA,2026-05-28,23.91,24.01,23.64,23.72,0,0.0,0.0
ETEL.CA,2026-05-31,23.72,23.77,23.21,23.31,0,0.0,0.0
ETEL.CA,2026-06-01,23.31,23.51,23.17,23.45,0,0.0,0.0
ETEL.CA,2026-06-02,23.45,23.5,23.03,23.09,0,0.0,0.0
ETEL.CA,2026-06-03,23.09,23.22,22.96,23.06,0,0.0,0.0
ETEL.CA,2026-06-04,23.06,23.1,22.6,22.63,0,0.0,0.0
ETEL.CA,2026-06-07,22.63,23.05,22.59,22.9,0,0.0,0.0
ETEL.CA,2026-06-08,22.9,23.43,22.9,23.32,0,0.0,0.0
ETEL.CA,2026-06-09,23.32,23.46,22.73,22.93,0,0.0,0.0
ETEL.CA,2026-06-10,22.93,23.01,22.69,22.84,0,0.0,0.0
ETEL.CA,2026-06-11,22.84,23.41,22.81,23.24,0,0.0,0.0
ETEL.CA,2026-06-14,23.24,23.68,23.12,23.46,0,0.0,0.0
ETEL.CA,2026-06-15,23.46,24.1,23.4,23.88,0,0.0,0.0
ETEL.CA,2026-06-16,23.88,23.91,23.44,23.63,0,0.0,0.0
ETEL.CA,2026-06-17,23.63,23.8,23.45,23.71,0,0.0,0.0
ETEL.CA,2026-06-18,23.71,23.74,23.6,23.64,0,0.0,0.0
ETEL.CA,2026-06-21,23.64,23.7,23.44,23.58,0,0.0,0.0
ETEL.CA,2026-06-22,23.58,23.8,23.39,23.46,0,0.0,0.0
TMGH.CA,2026-01-01,45.0,45.84,44.56,45.36,0,0.0,0.0
TMGH.CA,2026-01-04,45.36,45.72,44.68,45.09,0,0.0,0.0
TMGH.CA,2026-01-05,45.09,46.32,44.67,46.02,0,0.0,0.0
TMGH.CA,2026-01-06,46.02,47.26,45.62,46.91,0,0.0,0.0
TMGH.CA,2026-01-07,46.91,47.18,46.42,47.02,0,0.0,0.0
TMGH.CA,2026-01-08,47.02,47.73,46.57,47.67,0,0.0,0.0
TMGH.CA,2026-01-11,47.67,48.15,47.23,47.44,0,0.0,0.0
TMGH.CA,2026-01-12,47.44,47.49,46.5,46.93,0,0.0,0.0
TMGH.CA,2026-01-13,46.93,47.39,45.86,46.33,0,0.0,0.0
TMGH.CA,2026-01-14,46.33,47.49,46.12,47.1,0,0.0,0.0
TMGH.CA,2026-01-15,47.1,48.29,46.61,47.86,0,0.0,0.0
TMGH.CA,2026-01-18,47.86,48.3,47.3,47.68,0,0.0,0.0
TMGH.CA,2026-01-19,47.68,48.78,47.31,48.35,0,0.0,0.0
TMGH.CA,2026-01-20,48.35,48.67,47.6,48.03,0,0.0,0.0
TMGH.CA,2026-01-21,48.03,48.04,47.9,47.93,0,0.0,0.0
TMGH.CA,2026-01-22,47.93,48.62,47.86,48.2,0,0.0,0.0
TMGH.CA,2026-01-25,48.2,48.64,48.16,48.47,0,0.0,0.0
TMGH.CA,2026-01-26,48.47,49.02,48.03,48.5,0,0.0,0.0
TMGH.CA,2026-01-27,48.5,49.61,48.08,49.24,0,0.0,0.0
TMGH.CA,2026-01-28,49.24,49.64,49.05,49.19,0,0.0,0.0
TMGH.CA,2026-01-29,49.19,50.33,49.08,49.9,0,0.0,0.0
TMGH.CA,2026-02-01,49.9,50.38,48.68,49.2,0,0.0,0.0
TMGH.CA,2026-02-02,49.2,49.71,48.1,48.6,0,0.0,0.0
TMGH.CA,2026-02-03,48.6,49.35,48.08,48.87,0,0.0,0.0
TMGH.CA,2026-02-04,48.87,49.39,48.65,49.3,0,0.0,0.0
TMGH.CA,2026-02-05,49.3,49.35,48.58,48.78,0,0.0,0.0
TMGH.CA,2026-02-08,48.78,49.17,47.73,47.96,0,0.0,0.0
TMGH.CA,2026-02-09,47.96,48.32,47.8,47.86,0,0.0,0.0
TMGH.CA,2026-02-10,47.86,48.31,46.8,47.21,0,0.0,0.0
TMGH.CA,2026-02-11,47.21,47.28,46.76,47.2,0,0.0,0.0
TMGH.CA,2026-02-12,47.2,48.38,46.85,48.23,0,0.0,0.0
TMGH.CA,2026-02-15,48.23,48.31,47.89,48.04,0,0.0,0.0
TMGH.CA,2026-02-16,48.04,48.77,47.84,48.29,0,0.0,0.0
TMGH.CA,2026-02-17,48.29,48.3,48.13,48.2,0,0.0,0.0
TMGH.CA,2026-02-18,48.2,48.97,47.82,48.61,0,0.0,0.0
TMGH.CA,2026-02-19,48.61,49.25,48.56,49.11,0,0.0,0.0
TMGH.CA,2026-02-22,49.11,49.24,48.26,48.75,0,0.0,0.0
TMGH.CA,2026-02-23,48.75,50.21,48.43,49.69,0,0.0,0.0
TMGH.CA,2026-02-24,49.69,49.83,48.36,48.7,0,0.0,0.0
TMGH.CA,2026-02-25,48.7,48.9,47.95,48.47,0,0.0,0.0
TMGH.CA,2026-02-26,48.47,48.78,48.2,48.64,0,0.0,0.0
TMGH.CA,2026-03-01,48.64,49.52,48.47,49.45,0,0.0,0.0
TMGH.CA,2026-03-02,49.45,49.51,48.65,48.67,0,0.0,0.0
TMGH.CA,2026-03-03,48.67,49.92,48.27,49.47,0,0.0,0.0
TMGH.CA,2026-03-04,49.47,49.95,48.67,49.0,0,0.0,0.0
TMGH.CA,2026-03-05,49.0,49.17,48.01,48.49,0,0.0,0.0
TMGH.CA,2026-03-08,48.49,49.96,48.41,49.55,0,0.0,0.0
TMGH.CA,2026-03-09,49.55,50.33,49.52,49.89,0,0.0,0.0
TMGH.CA,2026-03-10,49.89,49.91,49.16,49.3,0,0.0,0.0
TMGH.CA,2026-03-11,49.3,49.84,48.66,49.16,0,0.0,0.0
TMGH.CA,2026-03-12,49.16,49.54,48.59,48.85,0,0.0,0.0
TMGH.CA,2026-03-15,48.85,50.06,48.78,49.59,0,0.0,0.0
TMGH.CA,2026-03-16,49.59,50.49,49.5,50.39,0,0.0,0.0
TMGH.CA,2026-03-17,50.39,50.88,49.57,49.89,0,0.0,0.0
TMGH.CA,2026-03-18,49.89,51.22,49.58,50.93,0,0.0,0.0
TMGH.CA,2026-03-19,50.93,51.36,49.6,49.98,0,0.0,0.0
TMGH.CA,2026-03-22,49.98,50.35,48.57,48.94,0,0.0,0.0
TMGH.CA,2026-03-23,48.94,49.64,48.49,49.13,0,0.0,0.0
TMGH.CA,2026-03-24,49.13,49.58,47.86,48.22,0,0.0,0.0
TMGH.CA,2026-03-25,48.22,49.51,48.22,49.19,0,0.0,0.0
TMGH.CA,2026-03-26,49.19,50.04,49.01,49.53,0,0.0,0.0
TMGH.CA,2026-03-29,49.53,50.56,49.22,50.04,0,0.0,0.0
TMGH.CA,2026-03-30,50.04,50.39,48.87,49.05,0,0.0,0.0
TMGH.CA,2026-03-31,49.05,49.56,47.91,48.12,0,0.0,0.0
TMGH.CA,2026-04-01,48.12,48.63,46.98,47.44,0,0.0,0.0
TMGH.CA,2026-04-02,47.44,48.27,47.03,48.18,0,0.0,0.0
TMGH.CA,2026-04-05,48.18,49.07,48.12,48.72,0,0.0,0.0
TMGH.CA,2026-04-06,48.72,49.15,48.4,48.57,0,0.0,0.0
TMGH.CA,2026-04-07,48.57,48.93,47.34,47.78,0,0.0,0.0
TMGH.CA,2026-04-08,47.78,48.25,47.51,47.76,0,0.0,0.0
TMGH.CA,2026-04-09,47.76,48.16,47.17,47.6,0,0.0,0.0
TMGH.CA,2026-04-12,47.6,47.82,47.44,47.46,0,0.0,0.0
TMGH.CA,2026-04-13,47.46,47.58,47.02,47.38,0,0.0,0.0
TMGH.CA,2026-04-14,47.38,47.71,47.1,47.37,0,0.0,0.0
TMGH.CA,2026-04-15,47.37,47.84,46.99,47.24,0,0.0,0.0
TMGH.CA,2026-04-16,47.24,47.71,46.03,46.47,0,0.0,0.0
TMGH.CA,2026-04-19,46.47,46.49,46.01,46.05,0,0.0,0.0
TMGH.CA,2026-04-20,46.05,46.27,45.2,45.25,0,0.0,0.0
TMGH.CA,2026-04-21,45.25,45.52,45.12,45.39,0,0.0,0.0
TMGH.CA,2026-04-22,45.39,45.46,45.06,45.4,0,0.0,0.0
TMGH.CA,2026-04-23,45.4,45.6,44.73,44.77,0,0.0,0.0
TMGH.CA,2026-04-26,44.77,45.06,44.15,44.37,0,0.0,0.0
TMGH.CA,2026-04-27,44.37,44.74,43.9,44.61,0,0.0,0.0
TMGH.CA,2026-04-28,44.61,44.7,43.63,44.0,0,0.0,0.0
TMGH.CA,2026-04-29,44.0,44.77,43.74,44.72,0,0.0,0.0
TMGH.CA,2026-04-30,44.72,44.8,43.74,43.97,0,0.0,0.0
TMGH.CA,2026-05-03,43.97,45.15,43.68,44.68,0,0.0,0.0
TMGH.CA,2026-05-04,44.68,45.39,44.5,44.91,0,0.0,0.0
TMGH.CA,2026-05-05,44.91,45.49,44.76,45.29,0,0.0,0.0
TMGH.CA,2026-05-06,45.29,45.35,44.31,44.32,0,0.0,0.0
TMGH.CA,2026-05-07,44.32,45.12,44.0,45.02,0,0.0,0.0
TMGH.CA,2026-05-10,45.02,45.33,44.5,44.89,0,0.0,0.0
TMGH.CA,2026-05-11,44.89,45.12,44.27,44.5,0,0.0,0.0
TMGH.CA,2026-05-12,44.5,44.57,43.51,43.85,0,0.0,0.0
TMGH.CA,2026-05-13,43.85,44.26,43.51,43.79,0,0.0,0.0
TMGH.CA,2026-05-14,43.79,44.32,43.77,43.92,0,0.0,0.0
TMGH.CA,2026-05-17,43.92,44.51,43.45,44.17,0,0.0,0.0
TMGH.CA,2026-05-18,44.17,44.92,43.9,44.63,0,0.0,0.0
TMGH.CA,2026-05-19,44.63,44.87,44.32,44.61,0,0.0,0.0
TMGH.CA,2026-05-20,44.61,45.36,44.37,44.96,0,0.0,0.0
TMGH.CA,2026-05-21,44.96,45.23,44.8,45.02,0,0.0,0.0
TMGH.CA,2026-05-24,45.02,46.01,44.79,45.8,0,0.0,0.0
TMGH.CA,2026-05-25,45.8,46.85,45.45,46.68,0,0.0,0.0
TMGH.CA,2026-05-26,46.68,46.78,46.06,46.24,0,0.0,0.0
TMGH.CA,2026-05-27,46.24,46.7,45.5,45.67,0,0.0,0.0
TMGH.CA,2026-05-28,45.67,46.69,45.6,46.36,0,0.0,0.0
TMGH.CA,2026-05-31,46.36,47.28,45.94,46.79,0,0.0,0.0
TMGH.CA,2026-06-01,46.79,47.68,46.38,47.27,0,0.0,0.0
TMGH.CA,2026-06-02,47.27,47.67,46.88,47.52,0,0.0,0.0
TMGH.CA,2026-06-03,47.52,47.62,46.42,46.74,0,0.0,0.0
TMGH.CA,2026-06-04,46.74,47.25,46.41,46.57,0,0.0,0.0
TMGH.CA,2026-06-07,46.57,46.58,45.19,45.64,0,0.0,0.0
TMGH.CA,2026-06-08,45.64,46.06,44.5,44.95,0,0.0,0.0
TMGH.CA,2026-06-09,44.95,45.16,43.78,44.09,0,0.0,0.0
TMGH.CA,2026-06-10,44.09,44.22,43.38,43.55,0,0.0,0.0
TMGH.CA,2026-06-11,43.55,43.97,42.55,42.68,0,0.0,0.0
TMGH.CA,2026-06-14,42.68,43.28,42.37,43.04,0,0.0,0.0
TMGH.CA,2026-06-15,43.04,44.06,42.82,43.85,0,0.0,0.0
TMGH.CA,2026-06-16,43.85,43.9,42.81,43.1,0,0.0,0.0
TMGH.CA,2026-06-17,43.1,44.34,43.08,43.95,0,0.0,0.0
TMGH.CA,2026-06-18,43.95,44.62,43.51,44.2,0,0.0,0.0
TMGH.CA,2026-06-21,44.2,44.41,43.55,43.8,0,0.0,0.0
TMGH.CA,2026-06-22,43.8,44.11,42.87,43.03,0,0.0,0.0
SWDY.CA,2026-01-01,38.0,38.7,37.84,38.53,0,0.0,0.0
SWDY.CA,2026-01-04,38.53,38.84,38.01,38.14,0,0.0,0.0
SWDY.CA,2026-01-05,38.14,38.28,37.22,37.51,0,0.0,0.0
SWDY.CA,2026-01-06,37.51,37.82,37.23,37.76,0,0.0,0.0
SWDY.CA,2026-01-07,37.76,38.06,37.19,37.35,0,0.0,0.0
SWDY.CA,2026-01-08,37.35,37.67,36.99,37.29,0,0.0,0.0
SWDY.CA,2026-01-11,37.29,37.34,36.59,36.59,0,0.0,0.0
SWDY.CA,2026-01-12,36.59,37.27,36.47,37.24,0,0.0,0.0
SWDY.CA,2026-01-13,37.24,37.26,36.46,36.74,0,0.0,0.0
SWDY.CA,2026-01-14,36.74,37.28,36.72,36.95,0,0.0,0.0
SWDY.CA,2026-01-15,36.95,37.51,36.76,37.27,0,0.0,0.0
SWDY.CA,2026-01-18,37.27,37.52,36.91,37.12,0,0.0,0.0
SWDY.CA,2026-01-19,37.12,37.82,37.12,37.48,0,0.0,0.0
SWDY.CA,2026-01-20,37.48,37.86,37.22,37.52,0,0.0,0.0
SWDY.CA,2026-01-21,37.52,37.72,36.78,37.08,0,0.0,0.0
SWDY.CA,2026-01-22,37.08,37.7,36.79,37.37,0,0.0,0.0
SWDY.CA,2026-01-25,37.37,37.48,36.91,36.92,0,0.0,0.0
SWDY.CA,2026-01-26,36.92,37.52,36.87,37.25,0,0.0,0.0
SWDY.CA,2026-01-27,37.25,37.28,36.72,36.93,0,0.0,0.0
SWDY.CA,2026-01-28,36.93,37.37,36.92,37.31,0,0.0,0.0
SWDY.CA,2026-01-29,37.31,37.54,37.02,37.45,0,0.0,0.0
SWDY.CA,2026-02-01,37.45,38.22,37.43,38.18,0,0.0,0.0
SWDY.CA,2026-02-02,38.18,38.51,38.16,38.37,0,0.0,0.0
SWDY.CA,2026-02-03,38.37,38.48,37.51,37.79,0,0.0,0.0
SWDY.CA,2026-02-04,37.79,38.82,37.42,38.52,0,0.0,0.0
SWDY.CA,2026-02-05,38.52,39.37,38.31,39.13,0,0.0,0.0
SWDY.CA,2026-02-08,39.13,39.24,38.59,38.9,0,0.0,0.0
SWDY.CA,2026-02-09,38.9,39.45,38.7,39.17,0,0.0,0.0
SWDY.CA,2026-02-10,39.17,39.4,38.58,38.9,0,0.0,0.0
SWDY.CA,2026-02-11,38.9,39.18,37.95,38.27,0,0.0,0.0
SWDY.CA,2026-02-12,38.27,38.61,37.42,37.6,0,0.0,0.0
SWDY.CA,2026-02-15,37.6,37.8,37.18,37.4,0,0.0,0.0
SWDY.CA,2026-02-16,37.4,37.5,37.05,37.24,0,0.0,0.0
SWDY.CA,2026-02-17,37.24,37.59,36.97,37.15,0,0.0,0.0
SWDY.CA,2026-02-18,37.15,37.68,37.1,37.63,0,0.0,0.0
SWDY.CA,2026-02-19,37.63,37.9,36.75,37.07,0,0.0,0.0
SWDY.CA,2026-02-22,37.07,37.25,36.36,36.64,0,0.0,0.0
SWDY.CA,2026-02-23,36.64,36.99,36.23,36.45,0,0.0,0.0
SWDY.CA,2026-02-24,36.45,36.66,35.89,35.9,0,0.0,0.0
SWDY.CA,2026-02-25,35.9,36.26,35.61,35.72,0,0.0,0.0
SWDY.CA,2026-02-26,35.72,36.19,35.51,36.14,0,0.0,0.0
SWDY.CA,2026-03-01,36.14,37.03,36.06,36.71,0,0.0,0.0
SWDY.CA,2026-03-02,36.71,36.75,36.56,36.69,0,0.0,0.0
SWDY.CA,2026-03-03,36.69,36.9,36.36,36.57,0,0.0,0.0
SWDY.CA,2026-03-04,36.57,37.15,36.31,36.98,0,0.0,0.0
SWDY.CA,2026-03-05,36.98,37.56,36.81,37.37,0,0.0,0.0
SWDY.CA,2026-03-08,37.37,37.69,37.17,37.29,0,0.0,0.0
SWDY.CA,2026-03-09,37.29,37.69,37.2,37.54,0,0.0,0.0
SWDY.CA,2026-03-10,37.54,37.96,37.21,37.6,0,0.0,0.0
SWDY.CA,2026-03-11,37.6,38.15,37.33,37.82,0,0.0,0.0
SWDY.CA,2026-03-12,37.82,38.54,37.61,38.27,0,0.0,0.0
SWDY.CA,2026-03-15,38.27,38.43,38.03,38.36,0,0.0,0.0
SWDY.CA,2026-03-16,38.36,38.58,37.6,37.67,0,0.0,0.0
SWDY.CA,2026-03-17,37.67,38.32,37.32,38.27,0,0.0,0.0
SWDY.CA,2026-03-18,38.27,38.57,37.44,37.53,0,0.0,0.0
SWDY.CA,2026-03-19,37.53,38.28,37.23,38.11,0,0.0,0.0
SWDY.CA,2026-03-22,38.11,38.13,37.63,37.96,0,0.0,0.0
SWDY.CA,2026-03-23,37.96,38.12,37.53,37.86,0,0.0,0.0
SWDY.CA,2026-03-24,37.86,37.9,37.45,37.49,0,0.0,0.0
SWDY.CA,2026-03-25,37.49,37.59,36.93,36.96,0,0.0,0.0
SWDY.CA,2026-03-26,36.96,37.02,36.59,36.82,0,0.0,0.0
SWDY.CA,2026-03-29,36.82,36.84,35.98,36.12,0,0.0,0.0
SWDY.CA,2026-03-30,36.12,36.24,35.85,35.99,0,0.0,0.0
SWDY.CA,2026-03-31,35.99,36.06,35.17,35.44,0,0.0,0.0
SWDY.CA,2026-04-01,35.44,35.71,35.29,35.43,0,0.0,0.0
SWDY.CA,2026-04-02,35.43,35.59,34.67,34.81,0,0.0,0.0
SWDY.CA,2026-04-05,34.81,34.89,34.37,34.68,0,0.0,0.0
SWDY.CA,2026-04-06,34.68,35.55,34.59,35.32,0,0.0,0.0
SWDY.CA,2026-04-07,35.32,35.83,35.18,35.72,0,0.0,0.0
SWDY.CA,2026-04-08,35.72,35.98,35.37,35.91,0,0.0,0.0
SWDY.CA,2026-04-09,35.91,36.89,35.72,36.61,0,0.0,0.0
SWDY.CA,2026-04-12,36.61,37.38,36.61,37.21,0,0.0,0.0
SWDY.CA,2026-04-13,37.21,37.81,36.85,37.7,0,0.0,0.0
SWDY.CA,2026-04-14,37.7,38.53,37.47,38.35,0,0.0,0.0
SWDY.CA,2026-04-15,38.35,38.48,37.93,38.17,0,0.0,0.0
SWDY.CA,2026-04-16,38.17,38.21,37.89,38.19,0,0.0,0.0
SWDY.CA,2026-04-19,38.19,38.34,37.84,37.89,0,0.0,0.0
SWDY.CA,2026-04-20,37.89,38.09,37.73,37.98,0,0.0,0.0
SWDY.CA,2026-04-21,37.98,38.79,37.72,38.67,0,0.0,0.0
SWDY.CA,2026-04-22,38.67,38.96,38.12,38.3,0,0.0,0.0
SWDY.CA,2026-04-23,38.3,39.17,38.12,39.04,0,0.0,0.0
SWDY.CA,2026-04-26,39.04,39.31,38.03,38.28,0,0.0,0.0
SWDY.CA,2026-04-27,38.28,38.63,37.98,38.24,0,0.0,0.0
SWDY.CA,2026-04-28,38.24,39.11,37.95,38.84,0,0.0,0.0
SWDY.CA,2026-04-29,38.84,39.54,38.81,39.29,0,0.0,0.0
SWDY.CA,2026-04-30,39.29,40.07,39.03,39.81,0,0.0,0.0
SWDY.CA,2026-05-03,39.81,40.64,39.67,40.31,0,0.0,0.0
SWDY.CA,2026-05-04,40.31,41.02,40.31,40.74,0,0.0,0.0
SWDY.CA,2026-05-05,40.74,41.63,40.65,41.45,0,0.0,0.0
SWDY.CA,2026-05-06,41.45,41.83,40.94,41.09,0,0.0,0.0
SWDY.CA,2026-05-07,41.09,41.4,40.8,41.28,0,0.0,0.0
SWDY.CA,2026-05-10,41.28,41.43,41.15,41.27,0,0.0,0.0
SWDY.CA,2026-05-11,41.27,41.7,41.19,41.61,0,0.0,0.0
SWDY.CA,2026-05-12,41.61,41.97,41.2,41.44,0,0.0,0.0
SWDY.CA,2026-05-13,41.44,41.8,41.21,41.53,0,0.0,0.0
SWDY.CA,2026-05-14,41.53,41.67,41.48,41.64,0,0.0,0.0
SWDY.CA,2026-05-17,41.64,41.88,41.15,41.24,0,0.0,0.0
SWDY.CA,2026-05-18,41.24,41.79,40.96,41.71,0,0.0,0.0
SWDY.CA,2026-05-19,41.71,42.25,41.6,42.03,0,0.0,0.0
SWDY.CA,2026-05-20,42.03,42.42,41.68,41.95,0,0.0,0.0
SWDY.CA,2026-05-21,41.95,42.34,41.02,41.2,0,0.0,0.0
SWDY.CA,2026-05-24,41.2,41.48,40.64,40.83,0,0.0,0.0
SWDY.CA,2026-05-25,40.83,41.61,40.74,41.25,0,0.0,0.0
SWDY.CA,2026-05-26,41.25,41.44,41.12,41.12,0,0.0,0.0
SWDY.CA,2026-05-27,41.12,41.36,40.42,40.43,0,0.0,0.0
SWDY.CA,2026-05-28,40.43,41.37,40.4,41.2,0,0.0,0.0
SWDY.CA,2026-05-31,41.2,41.33,40.39,40.65,0,0.0,0.0
SWDY.CA,2026-06-01,40.65,40.98,40.38,40.62,0,0.0,0.0
SWDY.CA,2026-06-02,40.62,40.72,40.31,40.35,0,0.0,0.0
SWDY.CA,2026-06-03,40.35,40.37,39.96,40.09,0,0.0,0.0
SWDY.CA,2026-06-04,40.09,41.11,39.84,40.8,0,0.0,0.0
SWDY.CA,2026-06-07,40.8,41.24,40.77,41.0,0,0.0,0.0
SWDY.CA,2026-06-08,41.0,41.13,39.88,40.23,0,0.0,0.0
SWDY.CA,2026-06-09,40.23,40.6,39.45,39.63,0,0.0,0.0
SWDY.CA,2026-06-10,39.63,39.86,39.36,39.83,0,0.0,0.0
SWDY.CA,2026-06-11,39.83,39.98,39.46,39.5,0,0.0,0.0
SWDY.CA,2026-06-14,39.5,39.74,38.82,39.08,0,0.0,0.0
SWDY.CA,2026-06-15,39.08,39.39,38.56,38.9,0,0.0,0.0
SWDY.CA,2026-06-16,38.9,39.26,38.35,38.65,0,0.0,0.0
SWDY.CA,2026-06-17,38.65,38.72,38.34,38.38,0,0.0,0.0
SWDY.CA,2026-06-18,38.38,38.68,37.65,37.72,0,0.0,0.0
SWDY.CA,2026-06-21,37.72,38.03,37.56,37.93,0,0.0,0.0
SWDY.CA,2026-06-22,37.93,38.02,37.55,37.85,0,0.0,0.0
ORAS.CA,2026-01-01,470.0,471.54,463.96,467.34,0,0.0,0.0
ORAS.CA,2026-01-04,467.34,470.44,461.97,464.69,0,0.0,0.0
ORAS.CA,2026-01-05,464.69,465.89,460.73,462.02,0,0.0,0.0
ORAS.CA,2026-01-06,462.02,465.57,461.82,463.22,0,0.0,0.0
ORAS.CA,2026-01-07,463.22,470.86,461.75,467.88,0,0.0,0.0
ORAS.CA,2026-01-08,467.88,471.07,460.91,463.67,0,0.0,0.0
ORAS.CA,2026-01-11,463.67,468.42,460.26,466.0,0,0.0,0.0
ORAS.CA,2026-01-12,466.0,468.02,460.27,463.64,0,0.0,0.0
ORAS.CA,2026-01-13,463.64,464.2,460.93,462.51,0,0.0,0.0
ORAS.CA,2026-01-14,462.51,463.27,456.15,456.16,0,0.0,0.0
ORAS.CA,2026-01-15,456.16,458.29,451.65,452.47,0,0.0,0.0
ORAS.CA,2026-01-18,452.47,459.74,449.96,458.61,0,0.0,0.0
ORAS.CA,2026-01-19,458.61,462.01,453.02,454.27,0,0.0,0.0
ORAS.CA,2026-01-20,454.27,454.66,446.88,447.87,0,0.0,0.0
ORAS.CA,2026-01-21,447.87,451.59,447.72,449.02,0,0.0,0.0
ORAS.CA,2026-01-22,449.02,449.61,441.97,444.95,0,0.0,0.0
ORAS.CA,2026-01-25,444.95,446.8,442.21,442.81,0,0.0,0.0
ORAS.CA,2026-01-26,442.81,450.38,442.74,447.36,0,0.0,0.0
ORAS.CA,2026-01-27,447.36,450.0,445.37,445.74,0,0.0,0.0
ORAS.CA,2026-01-28,445.74,446.54,440.42,443.13,0,0.0,0.0
ORAS.CA,2026-01-29,443.13,452.24,439.81,448.99,0,0.0,0.0
ORAS.CA,2026-02-01,448.99,454.31,448.5,454.09,0,0.0,0.0
ORAS.CA,2026-02-02,454.09,458.76,452.8,458.11,0,0.0,0.0
ORAS.CA,2026-02-03,458.11,462.84,457.27,459.48,0,0.0,0.0
ORAS.CA,2026-02-04,459.48,461.73,457.63,461.08,0,0.0,0.0
ORAS.CA,2026-02-05,461.08,461.26,455.95,458.7,0,0.0,0.0
ORAS.CA,2026-02-08,458.7,466.87,455.65,463.54,0,0.0,0.0
ORAS.CA,2026-02-09,463.54,465.18,455.41,457.72,0,0.0,0.0
ORAS.CA,2026-02-10,457.72,460.42,455.51,457.84,0,0.0,0.0
ORAS.CA,2026-02-11,457.84,459.43,456.71,457.82,0,0.0,0.0
ORAS.CA,2026-02-12,457.82,462.95,456.12,460.49,0,0.0,0.0
ORAS.CA,2026-02-15,460.49,463.67,457.1,459.12,0,0.0,0.0
ORAS.CA,2026-02-16,459.12,459.82,452.29,455.26,0,0.0,0.0
ORAS.CA,2026-02-17,455.26,458.29,450.66,452.61,0,0.0,0.0
ORAS.CA,2026-02-18,452.61,454.48,450.44,450.9,0,0.0,0.0
ORAS.CA,2026-02-19,450.9,452.09,448.18,450.15,0,0.0,0.0
ORAS.CA,2026-02-22,450.15,453.23,448.57,451.79,0,0.0,0.0
ORAS.CA,2026-02-23,451.79,456.99,450.49,455.92,0,0.0,0.0
ORAS.CA,2026-02-24,455.92,458.13,451.05,452.28,0,0.0,0.0
ORAS.CA,2026-02-25,452.28,458.67,450.1,456.93,0,0.0,0.0
ORAS.CA,2026-02-26,456.93,463.12,456.69,462.78,0,0.0,0.0
ORAS.CA,2026-03-01,462.78,463.46,457.48,458.62,0,0.0,0.0
ORAS.CA,2026-03-02,458.62,465.31,457.68,462.96,0,0.0,0.0
ORAS.CA,2026-03-03,462.96,473.35,460.35,469.88,0,0.0,0.0
ORAS.CA,2026-03-04,469.88,475.72,468.82,475.69,0,0.0,0.0
ORAS.CA,2026-03-05,475.69,481.17,474.24,479.73,0,0.0,0.0
ORAS.CA,2026-03-08,479.73,483.67,477.89,481.97,0,0.0,0.0
ORAS.CA,2026-03-09,481.97,483.41,476.08,476.9,0,0.0,0.0
ORAS.CA,2026-03-10,476.9,478.74,473.72,476.53,0,0.0,0.0
ORAS.CA,2026-03-11,476.53,481.36,473.7,479.71,0,0.0,0.0
ORAS.CA,2026-03-12,479.71,482.48,472.71,475.22,0,0.0,0.0
ORAS.CA,2026-03-15,475.22,477.21,473.17,474.51,0,0.0,0.0
ORAS.CA,2026-03-16,474.51,477.87,469.19,469.22,0,0.0,0.0
ORAS.CA,2026-03-17,469.22,475.13,467.74,473.93,0,0.0,0.0
ORAS.CA,2026-03-18,473.93,476.7,470.65,472.56,0,0.0,0.0
ORAS.CA,2026-03-19,472.56,475.34,462.53,465.8,0,0.0,0.0
ORAS.CA,2026-03-22,465.8,473.28,463.6,472.13,0,0.0,0.0
ORAS.CA,2026-03-23,472.13,476.73,468.66,473.66,0,0.0,0.0
ORAS.CA,2026-03-24,473.66,475.56,471.44,472.11,0,0.0,0.0
ORAS.CA,2026-03-25,472.11,474.69,468.94,473.09,0,0.0,0.0
ORAS.CA,2026-03-26,473.09,475.05,467.36,467.47,0,0.0,0.0
ORAS.CA,2026-03-29,467.47,468.12,467.07,467.31,0,0.0,0.0
ORAS.CA,2026-03-30,467.31,468.13,461.97,464.28,0,0.0,0.0
ORAS.CA,2026-03-31,464.28,466.09,457.52,458.12,0,0.0,0.0
ORAS.CA,2026-04-01,458.12,458.66,456.51,456.89,0,0.0,0.0
ORAS.CA,2026-04-02,456.89,457.13,453.32,456.59,0,0.0,0.0
ORAS.CA,2026-04-05,456.59,457.29,450.04,451.52,0,0.0,0.0
ORAS.CA,2026-04-06,451.52,453.56,448.0,451.18,0,0.0,0.0
ORAS.CA,2026-04-07,451.18,453.53,450.25,451.21,0,0.0,0.0
ORAS.CA,2026-04-08,451.21,451.43,445.02,446.37,0,0.0,0.0
ORAS.CA,2026-04-09,446.37,449.77,443.43,446.72,0,0.0,0.0
ORAS.CA,2026-04-12,446.72,450.21,445.76,447.74,0,0.0,0.0
ORAS.CA,2026-04-13,447.74,450.09,444.76,447.15,0,0.0,0.0
ORAS.CA,2026-04-14,447.15,451.39,446.56,448.67,0,0.0,0.0
ORAS.CA,2026-04-15,448.67,456.52,447.13,454.05,0,0.0,0.0
ORAS.CA,2026-04-16,454.05,455.99,448.4,449.74,0,0.0,0.0
ORAS.CA,2026-04-19,449.74,452.68,445.31,446.23,0,0.0,0.0
ORAS.CA,2026-04-20,446.23,449.3,441.1,443.44,0,0.0,0.0
ORAS.CA,2026-04-21,443.44,445.08,436.38,439.68,0,0.0,0.0
ORAS.CA,2026-04-22,439.68,446.46,439.33,446.21,0,0.0,0.0
ORAS.CA,2026-04-23,446.21,447.72,443.03,443.88,0,0.0,0.0
ORAS.CA,2026-04-26,443.88,444.12,441.07,443.38,0,0.0,0.0
ORAS.CA,2026-04-27,443.38,445.86,438.95,441.8,0,0.0,0.0
ORAS.CA,2026-04-28,441.8,442.18,432.28,435.32,0,0.0,0.0
ORAS.CA,2026-04-29,435.32,440.15,435.1,438.57,0,0.0,0.0
ORAS.CA,2026-04-30,438.57,441.69,434.72,435.18,0,0.0,0.0
ORAS.CA,2026-05-03,435.18,440.2,435.12,439.64,0,0.0,0.0
ORAS.CA,2026-05-04,439.64,441.4,435.63,436.92,0,0.0,0.0
ORAS.CA,2026-05-05,436.92,442.6,436.42,440.38,0,0.0,0.0
ORAS.CA,2026-05-06,440.38,440.49,434.41,436.64,0,0.0,0.0
ORAS.CA,2026-05-07,436.64,441.96,433.98,439.22,0,0.0,0.0
ORAS.CA,2026-05-10,439.22,445.02,437.93,442.07,0,0.0,0.0
ORAS.CA,2026-05-11,442.07,442.09,433.57,436.13,0,0.0,0.0
ORAS.CA,2026-05-12,436.13,442.97,435.35,441.74,0,0.0,0.0
ORAS.CA,2026-05-13,441.74,445.02,439.58,440.7,0,0.0,0.0
ORAS.CA,2026-05-14,440.7,443.66,437.78,442.93,0,0.0,0.0
ORAS.CA,2026-05-17,442.93,447.88,442.38,447.32,0,0.0,0.0
ORAS.CA,2026-05-18,447.32,448.42,440.17,442.06,0,0.0,0.0
ORAS.CA,2026-05-19,442.06,443.86,435.07,438.18,0,0.0,0.0
ORAS.CA,2026-05-20,438.18,439.35,433.85,434.42,0,0.0,0.0
ORAS.CA,2026-05-21,434.42,435.69,430.54,432.03,0,0.0,0.0
ORAS.CA,2026-05-24,432.03,438.22,430.83,436.11,0,0.0,0.0
ORAS.CA,2026-05-25,436.11,437.1,430.47,432.43,0,0.0,0.0
ORAS.CA,2026-05-26,432.43,434.17,424.05,427.26,0,0.0,0.0
ORAS.CA,2026-05-27,427.26,430.33,421.13,423.05,0,0.0,0.0
ORAS.CA,2026-05-28,423.05,427.69,419.96,425.54,0,0.0,0.0
ORAS.CA,2026-05-31,425.54,427.57,420.58,423.4,0,0.0,0.0
ORAS.CA,2026-06-01,423.4,429.4,422.34,427.87,0,0.0,0.0
ORAS.CA,2026-06-02,427.87,430.19,425.81,428.96,0,0.0,0.0
ORAS.CA,2026-06-03,428.96,433.27,428.21,430.09,0,0.0,0.0
ORAS.CA,2026-06-04,430.09,436.21,427.71,435.21,0,0.0,0.0
ORAS.CA,2026-06-07,435.21,436.97,433.99,436.77,0,0.0,0.0
ORAS.CA,2026-06-08,436.77,437.44,432.09,432.21,0,0.0,0.0
ORAS.CA,2026-06-09,432.21,436.55,429.81,433.48,0,0.0,0.0
ORAS.CA,2026-06-10,433.48,435.57,428.12,430.59,0,0.0,0.0
ORAS.CA,2026-06-11,430.59,438.85,429.66,436.76,0,0.0,0.0
ORAS.CA,2026-06-14,436.76,442.4,435.97,441.31,0,0.0,0.0
ORAS.CA,2026-06-15,441.31,448.89,440.49,446.69,0,0.0,0.0
ORAS.CA,2026-06-16,446.69,451.67,445.41,449.63,0,0.0,0.0
ORAS.CA,2026-06-17,449.63,449.65,445.92,448.85,0,0.0,0.0
ORAS.CA,2026-06-18,448.85,450.99,444.23,444.71,0,0.0,0.0
ORAS.CA,2026-06-21,444.71,446.69,436.49,439.26,0,0.0,0.0
ORAS.CA,2026-06-22,439.26,439.52,433.4,435.79,0,0.0,0.0
EAST.CA,2026-01-01,55.0,55.62,54.9,55.49,0,0.0,0.0
EAST.CA,2026-01-04,55.49,55.74,54.66,55.01,0,0.0,0.0
EAST.CA,2026-01-05,55.01,55.67,54.47,55.63,0,0.0,0.0
EAST.CA,2026-01-06,55.63,55.88,54.61,54.89,0,0.0,0.0
EAST.CA,2026-01-07,54.89,55.91,54.45,55.46,0,0.0,0.0
EAST.CA,2026-01-08,55.46,55.93,54.78,55.2,0,0.0,0.0
EAST.CA,2026-01-11,55.2,55.49,54.8,55.41,0,0.0,0.0
EAST.CA,2026-01-12,55.41,55.66,55.12,55.33,0,0.0,0.0
EAST.CA,2026-01-13,55.33,55.41,54.12,54.38,0,0.0,0.0
EAST.CA,2026-01-14,54.38,54.39,53.43,53.7,0,0.0,0.0
EAST.CA,2026-01-15,53.7,54.2,53.18,53.68,0,0.0,0.0
EAST.CA,2026-01-18,53.68,53.94,53.07,53.41,0,0.0,0.0
EAST.CA,2026-01-19,53.41,53.43,52.73,53.22,0,0.0,0.0
EAST.CA,2026-01-20,53.22,53.46,52.99,53.36,0,0.0,0.0
EAST.CA,2026-01-21,53.36,54.63,53.09,54.24,0,0.0,0.0
EAST.CA,2026-01-22,54.24,55.03,53.89,54.65,0,0.0,0.0
EAST.CA,2026-01-25,54.65,55.3,54.63,55.17,0,0.0,0.0
EAST.CA,2026-01-26,55.17,55.83,54.79,55.46,0,0.0,0.0
EAST.CA,2026-01-27,55.46,55.71,54.55,54.93,0,0.0,0.0
EAST.CA,2026-01-28,54.93,55.67,54.47,55.15,0,0.0,0.0
EAST.CA,2026-01-29,55.15,56.11,54.64,55.75,0,0.0,0.0
EAST.CA,2026-02-01,55.75,56.44,55.46,55.94,0,0.0,0.0
EAST.CA,2026-02-02,55.94,56.4,55.63,55.77,0,0.0,0.0
EAST.CA,2026-02-03,55.77,57.18,55.56,56.81,0,0.0,0.0
EAST.CA,2026-02-04,56.81,57.31,56.2,56.61,0,0.0,0.0
EAST.CA,2026-02-05,56.61,57.36,56.42,56.92,0,0.0,0.0
EAST.CA,2026-02-08,56.92,58.02,56.69,57.49,0,0.0,0.0
EAST.CA,2026-02-09,57.49,59.08,57.49,58.61,0,0.0,0.0
EAST.CA,2026-02-10,58.61,59.38,58.23,59.07,0,0.0,0.0
EAST.CA,2026-02-11,59.07,59.29,57.87,58.29,0,0.0,0.0
EAST.CA,2026-02-12,58.29,58.84,57.29,57.55,0,0.0,0.0
EAST.CA,2026-02-15,57.55,57.58,56.72,56.83,0,0.0,0.0
EAST.CA,2026-02-16,56.83,57.34,56.05,56.28,0,0.0,0.0
EAST.CA,2026-02-17,56.28,57.05,56.19,56.56,0,0.0,0.0
EAST.CA,2026-02-18,56.56,56.72,56.09,56.28,0,0.0,0.0
EAST.CA,2026-02-19,56.28,56.66,56.17,56.23,0,0.0,0.0
EAST.CA,2026-02-22,56.23,56.8,55.9,56.8,0,0.0,0.0
EAST.CA,2026-02-23,56.8,57.1,55.88,55.88,0,0.0,0.0
EAST.CA,2026-02-24,55.88,57.4,55.36,56.97,0,0.0,0.0
EAST.CA,2026-02-25,56.97,57.21,56.39,56.6,0,0.0,0.0
EAST.CA,2026-02-26,56.6,58.19,56.07,57.73,0,0.0,0.0
EAST.CA,2026-03-01,57.73,57.76,57.24,57.45,0,0.0,0.0
EAST.CA,2026-03-02,57.45,57.71,56.13,56.53,0,0.0,0.0
EAST.CA,2026-03-03,56.53,57.49,56.19,57.41,0,0.0,0.0
EAST.CA,2026-03-04,57.41,57.81,56.43,56.9,0,0.0,0.0
EAST.CA,2026-03-05,56.9,57.54,56.63,57.17,0,0.0,0.0
EAST.CA,2026-03-08,57.17,57.73,55.91,56.46,0,0.0,0.0
EAST.CA,2026-03-09,56.46,56.66,55.34,55.37,0,0.0,0.0
EAST.CA,2026-03-10,55.37,55.62,54.64,54.98,0,0.0,0.0
EAST.CA,2026-03-11,54.98,55.27,54.74,55.23,0,0.0,0.0
EAST.CA,2026-03-12,55.23,56.73,54.76,56.18,0,0.0,0.0
EAST.CA,2026-03-15,56.18,56.88,56.07,56.71,0,0.0,0.0
EAST.CA,2026-03-16,56.71,57.08,56.22,56.76,0,0.0,0.0
EAST.CA,2026-03-17,56.76,57.21,55.75,55.92,0,0.0,0.0
EAST.CA,2026-03-18,55.92,56.52,55.83,56.03,0,0.0,0.0
EAST.CA,2026-03-19,56.03,56.4,55.04,55.17,0,0.0,0.0
EAST.CA,2026-03-22,55.17,56.09,55.12,55.73,0,0.0,0.0
EAST.CA,2026-03-23,55.73,56.3,55.21,56.21,0,0.0,0.0
EAST.CA,2026-03-24,56.21,56.93,56.07,56.81,0,0.0,0.0
EAST.CA,2026-03-25,56.81,57.78,56.73,57.71,0,0.0,0.0
EAST.CA,2026-03-26,57.71,58.28,57.31,58.23,0,0.0,0.0
EAST.CA,2026-03-29,58.23,59.69,57.88,59.24,0,0.0,0.0
EAST.CA,2026-03-30,59.24,59.67,58.51,58.95,0,0.0,0.0
EAST.CA,2026-03-31,58.95,59.62,58.45,59.29,0,0.0,0.0
EAST.CA,2026-04-01,59.29,59.36,58.58,58.63,0,0.0,0.0
EAST.CA,2026-04-02,58.63,59.74,58.19,59.19,0,0.0,0.0
EAST.CA,2026-04-05,59.19,59.7,58.32,58.88,0,0.0,0.0
EAST.CA,2026-04-06,58.88,58.92,57.39,57.71,0,0.0,0.0
EAST.CA,2026-04-07,57.71,59.0,57.5,58.82,0,0.0,0.0
EAST.CA,2026-04-08,58.82,59.83,58.47,59.52,0,0.0,0.0
EAST.CA,2026-04-09,59.52,59.84,59.0,59.27,0,0.0,0.0
EAST.CA,2026-04-12,59.27,60.82,58.97,60.32,0,0.0,0.0
EAST.CA,2026-04-13,60.32,60.65,59.92,60.56,0,0.0,0.0
EAST.CA,2026-04-14,60.56,61.41,60.37,61.05,0,0.0,0.0
EAST.CA,2026-04-15,61.05,61.66,59.7,60.13,0,0.0,0.0
EAST.CA,2026-04-16,60.13,61.22,59.71,60.92,0,0.0,0.0
EAST.CA,2026-04-19,60.92,62.29,60.42,62.09,0,0.0,0.0
EAST.CA,2026-04-20,62.09,63.17,61.66,62.67,0,0.0,0.0
EAST.CA,2026-04-21,62.67,63.7,62.36,63.59,0,0.0,0.0
EAST.CA,2026-04-22,63.59,65.24,63.05,64.82,0,0.0,0.0
EAST.CA,2026-04-23,64.82,65.16,64.38,64.94,0,0.0,0.0
EAST.CA,2026-04-26,64.94,65.86,64.6,65.61,0,0.0,0.0
EAST.CA,2026-04-27,65.61,66.26,65.05,66.13,0,0.0,0.0
EAST.CA,2026-04-28,66.13,66.63,64.77,65.15,0,0.0,0.0
EAST.CA,2026-04-29,65.15,66.52,64.85,66.06,0,0.0,0.0
EAST.CA,2026-04-30,66.06,66.52,64.91,65.1,0,0.0,0.0
EAST.CA,2026-05-03,65.1,65.59,63.89,64.37,0,0.0,0.0
EAST.CA,2026-05-04,64.37,65.32,63.93,64.95,0,0.0,0.0
EAST.CA,2026-05-05,64.95,65.57,63.75,64.03,0,0.0,0.0
EAST.CA,2026-05-06,64.03,65.18,63.41,65.12,0,0.0,0.0
EAST.CA,2026-05-07,65.12,65.76,63.53,63.95,0,0.0,0.0
EAST.CA,2026-05-10,63.95,65.55,63.69,65.15,0,0.0,0.0
EAST.CA,2026-05-11,65.15,65.47,64.02,64.47,0,0.0,0.0
EAST.CA,2026-05-12,64.47,65.1,64.02,64.86,0,0.0,0.0
EAST.CA,2026-05-13,64.86,65.77,64.3,65.27,0,0.0,0.0
EAST.CA,2026-05-14,65.27,65.7,64.44,64.68,0,0.0,0.0
EAST.CA,2026-05-17,64.68,65.0,63.17,63.6,0,0.0,0.0
EAST.CA,2026-05-18,63.6,63.96,62.03,62.39,0,0.0,0.0
EAST.CA,2026-05-19,62.39,63.5,62.28,63.0,0,0.0,0.0
EAST.CA,2026-05-20,63.0,63.63,62.64,63.36,0,0.0,0.0
EAST.CA,2026-05-21,63.36,63.94,61.75,62.25,0,0.0,0.0
EAST.CA,2026-05-24,62.25,63.04,61.9,63.03,0,0.0,0.0
EAST.CA,2026-05-25,63.03,64.13,62.7,63.82,0,0.0,0.0
EAST.CA,2026-05-26,63.82,64.87,63.74,64.37,0,0.0,0.0
EAST.CA,2026-05-27,64.37,66.15,64.25,65.57,0,0.0,0.0
EAST.CA,2026-05-28,65.57,65.93,64.21,64.73,0,0.0,0.0
EAST.CA,2026-05-31,64.73,64.86,63.67,63.77,0,0.0,0.0
EAST.CA,2026-06-01,63.77,64.69,63.15,64.67,0,0.0,0.0
EAST.CA,2026-06-02,64.67,65.02,64.05,64.32,0,0.0,0.0
EAST.CA,2026-06-03,64.32,64.51,62.42,63.03,0,0.0,0.0
EAST.CA,2026-06-04,63.03,64.16,62.75,63.74,0,0.0,0.0
EAST.CA,2026-06-07,63.74,64.57,63.11,64.24,0,0.0,0.0
EAST.CA,2026-06-08,64.24,64.47,64.18,64.34,0,0.0,0.0
EAST.CA,2026-06-09,64.34,64.46,63.47,63.66,0,0.0,0.0
EAST.CA,2026-06-10,63.66,65.2,63.52,64.82,0,0.0,0.0
EAST.CA,2026-06-11,64.82,65.22,63.81,63.86,0,0.0,0.0
EAST.CA,2026-06-14,63.86,64.44,63.3,63.56,0,0.0,0.0
EAST.CA,2026-06-15,63.56,63.83,62.5,62.94,0,0.0,0.0
EAST.CA,2026-06-16,62.94,63.4,61.23,61.86,0,0.0,0.0
EAST.CA,2026-06-17,61.86,62.09,60.69,61.1,0,0.0,0.0
EAST.CA,2026-06-18,61.1,61.62,61.01,61.36,0,0.0,0.0
EAST.CA,2026-06-21,61.36,61.38,60.83,61.2,0,0.0,0.0
EAST.CA,2026-06-22,61.2,61.27,59.94,60.28,0,0.0,0.0
CLHO.CA,2026-01-01,28.0,28.28,27.9,28.17,0,0.0,0.0
CLHO.CA,2026-01-04,28.17,28.7,28.17,28.63,0,0.0,0.0
CLHO.CA,2026-01-05,28.63,29.34,28.6,29.22,0,0.0,0.0
CLHO.CA,2026-01-06,29.22,29.45,28.7,28.8,0,0.0,0.0
CLHO.CA,2026-01-07,28.8,28.97,28.57,28.79,0,0.0,0.0
CLHO.CA,2026-01-08,28.79,29.05,28.51,28.86,0,0.0,0.0
CLHO.CA,2026-01-11,28.86,29.55,28.75,29.43,0,0.0,0.0
CLHO.CA,2026-01-12,29.43,30.21,29.24,30.04,0,0.0,0.0
CLHO.CA,2026-01-13,30.04,30.08,30.01,30.01,0,0.0,0.0
CLHO.CA,2026-01-14,30.01,30.05,29.43,29.56,0,0.0,0.0
CLHO.CA,2026-01-15,29.56,29.8,28.66,28.98,0,0.0,0.0
CLHO.CA,2026-01-18,28.98,29.17,28.43,28.66,0,0.0,0.0
CLHO.CA,2026-01-19,28.66,29.52,28.5,29.27,0,0.0,0.0
CLHO.CA,2026-01-20,29.27,29.57,28.9,29.18,0,0.0,0.0
CLHO.CA,2026-01-21,29.18,29.46,28.63,28.93,0,0.0,0.0
CLHO.CA,2026-01-22,28.93,28.96,28.66,28.69,0,0.0,0.0
CLHO.CA,2026-01-25,28.69,29.3,28.67,29.25,0,0.0,0.0
CLHO.CA,2026-01-26,29.25,29.48,28.97,29.32,0,0.0,0.0
CLHO.CA,2026-01-27,29.32,29.48,28.98,29.22,0,0.0,0.0
CLHO.CA,2026-01-28,29.22,29.56,28.93,29.24,0,0.0,0.0
CLHO.CA,2026-01-29,29.24,29.44,28.83,29.12,0,0.0,0.0
CLHO.CA,2026-02-01,29.12,29.62,28.88,29.39,0,0.0,0.0
CLHO.CA,2026-02-02,29.39,30.01,29.12,29.7,0,0.0,0.0
CLHO.CA,2026-02-03,29.7,29.94,29.5,29.74,0,0.0,0.0
CLHO.CA,2026-02-04,29.74,30.26,29.57,29.97,0,0.0,0.0
CLHO.CA,2026-02-05,29.97,30.25,29.24,29.41,0,0.0,0.0
CLHO.CA,2026-02-08,29.41,29.53,29.19,29.31,0,0.0,0.0
CLHO.CA,2026-02-09,29.31,29.92,29.14,29.84,0,0.0,0.0
CLHO.CA,2026-02-10,29.84,29.94,29.24,29.34,0,0.0,0.0
CLHO.CA,2026-02-11,29.34,29.83,29.27,29.65,0,0.0,0.0
CLHO.CA,2026-02-12,29.65,30.43,29.38,30.22,0,0.0,0.0
CLHO.CA,2026-02-15,30.22,30.43,30.01,30.17,0,0.0,0.0
CLHO.CA,2026-02-16,30.17,30.43,30.05,30.32,0,0.0,0.0
CLHO.CA,2026-02-17,30.32,30.9,30.2,30.84,0,0.0,0.0
CLHO.CA,2026-02-18,30.84,30.87,30.66,30.83,0,0.0,0.0
CLHO.CA,2026-02-19,30.83,31.0,30.27,30.32,0,0.0,0.0
CLHO.CA,2026-02-22,30.32,30.45,29.85,29.95,0,0.0,0.0
CLHO.CA,2026-02-23,29.95,30.22,29.49,29.53,0,0.0,0.0
CLHO.CA,2026-02-24,29.53,30.02,29.42,29.97,0,0.0,0.0
CLHO.CA,2026-02-25,29.97,30.26,29.71,29.78,0,0.0,0.0
CLHO.CA,2026-02-26,29.78,29.91,28.94,29.18,0,0.0,0.0
CLHO.CA,2026-03-01,29.18,29.24,28.59,28.74,0,0.0,0.0
CLHO.CA,2026-03-02,28.74,28.87,28.27,28.44,0,0.0,0.0
CLHO.CA,2026-03-03,28.44,28.81,28.2,28.71,0,0.0,0.0
CLHO.CA,2026-03-04,28.71,29.0,28.44,28.71,0,0.0,0.0
CLHO.CA,2026-03-05,28.71,28.74,28.21,28.22,0,0.0,0.0
CLHO.CA,2026-03-08,28.22,28.46,28.15,28.22,0,0.0,0.0
CLHO.CA,2026-03-09,28.22,28.52,27.79,28.02,0,0.0,0.0
CLHO.CA,2026-03-10,28.02,28.17,27.53,27.76,0,0.0,0.0
CLHO.CA,2026-03-11,27.76,27.92,27.26,27.34,0,0.0,0.0
CLHO.CA,2026-03-12,27.34,28.08,27.27,27.78,0,0.0,0.0
CLHO.CA,2026-03-15,27.78,28.0,27.16,27.41,0,0.0,0.0
CLHO.CA,2026-03-16,27.41,27.46,27.11,27.41,0,0.0,0.0
CLHO.CA,2026-03-17,27.41,27.64,27.37,27.57,0,0.0,0.0
CLHO.CA,2026-03-18,27.57,28.44,27.44,28.16,0,0.0,0.0
CLHO.CA,2026-03-19,28.16,28.18,27.52,27.65,0,0.0,0.0
CLHO.CA,2026-03-22,27.65,27.88,27.55,27.81,0,0.0,0.0
CLHO.CA,2026-03-23,27.81,28.02,27.72,27.82,0,0.0,0.0
CLHO.CA,2026-03-24,27.82,27.93,27.42,27.55,0,0.0,0.0
CLHO.CA,2026-03-25,27.55,27.56,26.98,27.0,0,0.0,0.0
CLHO.CA,2026-03-26,27.0,27.14,26.39,26.66,0,0.0,0.0
CLHO.CA,2026-03-29,26.66,26.94,26.18,26.29,0,0.0,0.0
CLHO.CA,2026-03-30,26.29,26.29,25.66,25.82,0,0.0,0.0
CLHO.CA,2026-03-31,25.82,26.03,25.53,25.63,0,0.0,0.0
CLHO.CA,2026-04-01,25.63,25.76,25.45,25.66,0,0.0,0.0
CLHO.CA,2026-04-02,25.66,25.91,25.49,25.53,0,0.0,0.0
CLHO.CA,2026-04-05,25.53,25.69,24.84,25.1,0,0.0,0.0
CLHO.CA,2026-04-06,25.1,25.29,24.5,24.76,0,0.0,0.0
CLHO.CA,2026-04-07,24.76,24.9,24.56,24.81,0,0.0,0.0
CLHO.CA,2026-04-08,24.81,25.01,24.47,24.48,0,0.0,0.0
CLHO.CA,2026-04-09,24.48,24.6,24.24,24.53,0,0.0,0.0
CLHO.CA,2026-04-12,24.53,25.23,24.29,24.97,0,0.0,0.0
CLHO.CA,2026-04-13,24.97,25.46,24.95,25.21,0,0.0,0.0
CLHO.CA,2026-04-14,25.21,25.83,25.2,25.69,0,0.0,0.0
CLHO.CA,2026-04-15,25.69,25.95,25.68,25.91,0,0.0,0.0
CLHO.CA,2026-04-16,25.91,26.45,25.7,26.25,0,0.0,0.0
CLHO.CA,2026-04-19,26.25,26.71,25.97,26.46,0,0.0,0.0
CLHO.CA,2026-04-20,26.46,26.86,26.23,26.75,0,0.0,0.0
CLHO.CA,2026-04-21,26.75,26.8,26.43,26.48,0,0.0,0.0
CLHO.CA,2026-04-22,26.48,26.97,26.25,26.71,0,0.0,0.0
CLHO.CA,2026-04-23,26.71,27.1,26.62,26.95,0,0.0,0.0
CLHO.CA,2026-04-26,26.95,27.36,26.9,27.2,0,0.0,0.0
CLHO.CA,2026-04-27,27.2,27.21,26.85,26.89,0,0.0,0.0
CLHO.CA,2026-04-28,26.89,27.48,26.66,27.4,0,0.0,0.0
CLHO.CA,2026-04-29,27.4,27.65,26.94,27.1,0,0.0,0.0
CLHO.CA,2026-04-30,27.1,27.28,26.81,26.92,0,0.0,0.0
CLHO.CA,2026-05-03,26.92,27.32,26.71,27.16,0,0.0,0.0
CLHO.CA,2026-05-04,27.16,27.39,27.14,27.29,0,0.0,0.0
CLHO.CA,2026-05-05,27.29,27.75,27.0,27.68,0,0.0,0.0
CLHO.CA,2026-05-06,27.68,28.41,27.38,28.25,0,0.0,0.0
CLHO.CA,2026-05-07,28.25,28.63,28.02,28.6,0,0.0,0.0
CLHO.CA,2026-05-10,28.6,29.06,28.4,28.79,0,0.0,0.0
CLHO.CA,2026-05-11,28.79,29.26,28.7,29.19,0,0.0,0.0
CLHO.CA,2026-05-12,29.19,29.83,29.14,29.59,0,0.0,0.0
CLHO.CA,2026-05-13,29.59,30.0,29.3,29.88,0,0.0,0.0
CLHO.CA,2026-05-14,29.88,29.94,29.18,29.46,0,0.0,0.0
CLHO.CA,2026-05-17,29.46,29.7,29.24,29.45,0,0.0,0.0
CLHO.CA,2026-05-18,29.45,29.51,28.88,29.01,0,0.0,0.0
CLHO.CA,2026-05-19,29.01,29.03,28.38,28.46,0,0.0,0.0
CLHO.CA,2026-05-20,28.46,29.08,28.3,29.05,0,0.0,0.0
CLHO.CA,2026-05-21,29.05,29.63,28.93,29.44,0,0.0,0.0
CLHO.CA,2026-05-24,29.44,30.11,29.23,29.86,0,0.0,0.0
CLHO.CA,2026-05-25,29.86,29.89,29.48,29.53,0,0.0,0.0
CLHO.CA,2026-05-26,29.53,29.84,28.59,28.9,0,0.0,0.0
CLHO.CA,2026-05-27,28.9,29.31,28.68,29.2,0,0.0,0.0
CLHO.CA,2026-05-28,29.2,29.38,29.03,29.17,0,0.0,0.0
CLHO.CA,2026-05-31,29.17,29.22,28.93,28.95,0,0.0,0.0
CLHO.CA,2026-06-01,28.95,29.15,28.69,29.11,0,0.0,0.0
CLHO.CA,2026-06-02,29.11,29.27,28.58,28.85,0,0.0,0.0
CLHO.CA,2026-06-03,28.85,29.38,28.71,29.37,0,0.0,0.0
CLHO.CA,2026-06-04,29.37,29.64,29.09,29.57,0,0.0,0.0
CLHO.CA,2026-06-07,29.57,30.34,29.53,30.07,0,0.0,0.0
CLHO.CA,2026-06-08,30.07,30.1,29.23,29.55,0,0.0,0.0
CLHO.CA,2026-06-09,29.55,29.74,29.25,29.7,0,0.0,0.0
CLHO.CA,2026-06-10,29.7,30.42,29.64,30.22,0,0.0,0.0
CLHO.CA,2026-06-11,30.22,30.58,30.17,30.35,0,0.0,0.0
CLHO.CA,2026-06-14,30.35,30.62,29.97,30.09,0,0.0,0.0
CLHO.CA,2026-06-15,30.09,30.86,29.78,30.64,0,0.0,0.0
CLHO.CA,2026-06-16,30.64,30.95,30.64,30.92,0,0.0,0.0
CLHO.CA,2026-06-17,30.92,31.14,30.33,30.44,0,0.0,0.0
CLHO.CA,2026-06-18,30.44,31.0,30.28,30.74,0,0.0,0.0
CLHO.CA,2026-06-21,30.74,31.17,30.65,30.85,0,0.0,0.0
CLHO.CA,2026-06-22,30.85,31.58,30.72,31.52,0,0.0,0.0
PHDC.CA,2026-01-01,12.0,12.1,11.89,11.95,0,0.0,0.0
PHDC.CA,2026-01-04,11.95,12.07,11.75,11.85,0,0.0,0.0
PHDC.CA,2026-01-05,11.85,11.92,11.72,11.8,0,0.0,0.0
PHDC.CA,2026-01-06,11.8,12.05,11.71,11.99,0,0.0,0.0
PHDC.CA,2026-01-07,11.99,12.14,11.88,12.04,0,0.0,0.0
PHDC.CA,2026-01-08,12.04,12.04,11.73,11.88,0,0.0,0.0
PHDC.CA,2026-01-11,11.88,12.05,11.74,11.91,0,0.0,0.0
PHDC.CA,2026-01-12,11.91,12.04,11.69,11.82,0,0.0,0.0
PHDC.CA,2026-01-13,11.82,11.84,11.57,11.7,0,0.0,0.0
PHDC.CA,2026-01-14,11.7,11.98,11.58,11.94,0,0.0,0.0
PHDC.CA,2026-01-15,11.94,12.08,11.61,11.72,0,0.0,0.0
PHDC.CA,2026-01-18,11.72,11.86,11.39,11.44,0,0.0,0.0
PHDC.CA,2026-01-19,11.44,11.54,11.32,11.53,0,0.0,0.0
PHDC.CA,2026-01-20,11.53,11.58,11.25,11.26,0,0.0,0.0
PHDC.CA,2026-01-21,11.26,11.41,11.24,11.3,0,0.0,0.0
PHDC.CA,2026-01-22,11.3,11.55,11.2,11.44,0,0.0,0.0
PHDC.CA,2026-01-25,11.44,11.49,11.28,11.39,0,0.0,0.0
PHDC.CA,2026-01-26,11.39,11.41,11.14,11.27,0,0.0,0.0
PHDC.CA,2026-01-27,11.27,11.48,11.27,11.41,0,0.0,0.0
PHDC.CA,2026-01-28,11.41,11.63,11.33,11.51,0,0.0,0.0
PHDC.CA,2026-01-29,11.51,11.82,11.41,11.75,0,0.0,0.0
PHDC.CA,2026-02-01,11.75,11.89,11.47,11.55,0,0.0,0.0
PHDC.CA,2026-02-02,11.55,11.58,11.24,11.33,0,0.0,0.0
PHDC.CA,2026-02-03,11.33,11.44,11.07,11.15,0,0.0,0.0
PHDC.CA,2026-02-04,11.15,11.4,11.11,11.33,0,0.0,0.0
PHDC.CA,2026-02-05,11.33,11.54,11.22,11.52,0,0.0,0.0
PHDC.CA,2026-02-08,11.52,11.54,11.33,11.34,0,0.0,0.0
PHDC.CA,2026-02-09,11.34,11.54,11.3,11.54,0,0.0,0.0
PHDC.CA,2026-02-10,11.54,11.63,11.18,11.29,0,0.0,0.0
PHDC.CA,2026-02-11,11.29,11.41,11.29,11.32,0,0.0,0.0
PHDC.CA,2026-02-12,11.32,11.67,11.24,11.59,0,0.0,0.0
PHDC.CA,2026-02-15,11.59,11.64,11.19,11.33,0,0.0,0.0
PHDC.CA,2026-02-16,11.33,11.37,11.19,11.25,0,0.0,0.0
PHDC.CA,2026-02-17,11.25,11.49,11.11,11.39,0,0.0,0.0
PHDC.CA,2026-02-18,11.39,11.45,11.05,11.16,0,0.0,0.0
PHDC.CA,2026-02-19,11.16,11.35,11.08,11.33,0,0.0,0.0
PHDC.CA,2026-02-22,11.33,11.5,11.29,11.38,0,0.0,0.0
PHDC.CA,2026-02-23,11.38,11.51,11.35,11.36,0,0.0,0.0
PHDC.CA,2026-02-24,11.36,11.69,11.27,11.58,0,0.0,0.0
PHDC.CA,2026-02-25,11.58,11.72,11.31,11.38,0,0.0,0.0
PHDC.CA,2026-02-26,11.38,11.6,11.33,11.47,0,0.0,0.0
PHDC.CA,2026-03-01,11.47,11.52,11.26,11.38,0,0.0,0.0
PHDC.CA,2026-03-02,11.38,11.71,11.32,11.6,0,0.0,0.0
PHDC.CA,2026-03-03,11.6,11.67,11.58,11.66,0,0.0,0.0
PHDC.CA,2026-03-04,11.66,11.78,11.64,11.66,0,0.0,0.0
PHDC.CA,2026-03-05,11.66,11.83,11.55,11.69,0,0.0,0.0
PHDC.CA,2026-03-08,11.69,11.74,11.31,11.45,0,0.0,0.0
PHDC.CA,2026-03-09,11.45,11.5,11.31,11.32,0,0.0,0.0
PHDC.CA,2026-03-10,11.32,11.51,11.25,11.47,0,0.0,0.0
PHDC.CA,2026-03-11,11.47,11.78,11.45,11.69,0,0.0,0.0
PHDC.CA,2026-03-12,11.69,11.74,11.56,11.73,0,0.0,0.0
PHDC.CA,2026-03-15,11.73,12.07,11.71,11.94,0,0.0,0.0
PHDC.CA,2026-03-16,11.94,12.29,11.88,12.15,0,0.0,0.0
PHDC.CA,2026-03-17,12.15,12.19,12.02,12.15,0,0.0,0.0
PHDC.CA,2026-03-18,12.15,12.32,12.04,12.22,0,0.0,0.0
PHDC.CA,2026-03-19,12.22,12.42,12.09,12.42,0,0.0,0.0
PHDC.CA,2026-03-22,12.42,12.48,12.2,12.21,0,0.0,0.0
PHDC.CA,2026-03-23,12.21,12.22,12.12,12.19,0,0.0,0.0
PHDC.CA,2026-03-24,12.19,12.5,12.18,12.43,0,0.0,0.0
PHDC.CA,2026-03-25,12.43,12.83,12.31,12.69,0,0.0,0.0
PHDC.CA,2026-03-26,12.69,12.74,12.42,12.58,0,0.0,0.0
PHDC.CA,2026-03-29,12.58,12.78,12.54,12.71,0,0.0,0.0
PHDC.CA,2026-03-30,12.71,12.78,12.39,12.49,0,0.0,0.0
PHDC.CA,2026-03-31,12.49,12.58,12.14,12.2,0,0.0,0.0
PHDC.CA,2026-04-01,12.2,12.27,12.05,12.12,0,0.0,0.0
PHDC.CA,2026-04-02,12.12,12.48,12.02,12.34,0,0.0,0.0
PHDC.CA,2026-04-05,12.34,12.43,12.33,12.42,0,0.0,0.0
PHDC.CA,2026-04-06,12.42,12.53,12.15,12.29,0,0.0,0.0
PHDC.CA,2026-04-07,12.29,12.43,12.16,12.39,0,0.0,0.0
PHDC.CA,2026-04-08,12.39,12.69,12.27,12.64,0,0.0,0.0
PHDC.CA,2026-04-09,12.64,12.71,12.46,12.54,0,0.0,0.0
PHDC.CA,2026-04-12,12.54,12.65,12.27,12.33,0,0.0,0.0
PHDC.CA,2026-04-13,12.33,12.33,12.14,12.26,0,0.0,0.0
PHDC.CA,2026-04-14,12.26,12.36,11.91,12.0,0,0.0,0.0
PHDC.CA,2026-04-15,12.0,12.43,11.89,12.29,0,0.0,0.0
PHDC.CA,2026-04-16,12.29,12.31,12.11,12.18,0,0.0,0.0
PHDC.CA,2026-04-19,12.18,12.42,12.03,12.4,0,0.0,0.0
PHDC.CA,2026-04-20,12.4,12.41,12.33,12.41,0,0.0,0.0
PHDC.CA,2026-04-21,12.41,12.48,12.03,12.18,0,0.0,0.0
PHDC.CA,2026-04-22,12.18,12.33,11.95,12.01,0,0.0,0.0
PHDC.CA,2026-04-23,12.01,12.07,11.76,11.81,0,0.0,0.0
PHDC.CA,2026-04-26,11.81,12.18,11.81,12.09,0,0.0,0.0
PHDC.CA,2026-04-27,12.09,12.23,11.72,11.8,0,0.0,0.0
PHDC.CA,2026-04-28,11.8,12.02,11.73,11.92,0,0.0,0.0
PHDC.CA,2026-04-29,11.92,12.0,11.75,11.83,0,0.0,0.0
PHDC.CA,2026-04-30,11.83,11.86,11.54,11.6,0,0.0,0.0
PHDC.CA,2026-05-03,11.6,11.74,11.54,11.66,0,0.0,0.0
PHDC.CA,2026-05-04,11.66,11.83,11.62,11.77,0,0.0,0.0
PHDC.CA,2026-05-05,11.77,12.15,11.62,12.02,0,0.0,0.0
PHDC.CA,2026-05-06,12.02,12.12,11.69,11.78,0,0.0,0.0
PHDC.CA,2026-05-07,11.78,11.89,11.64,11.78,0,0.0,0.0
PHDC.CA,2026-05-10,11.78,11.87,11.75,11.75,0,0.0,0.0
PHDC.CA,2026-05-11,11.75,11.78,11.63,11.7,0,0.0,0.0
PHDC.CA,2026-05-12,11.7,11.77,11.5,11.52,0,0.0,0.0
PHDC.CA,2026-05-13,11.52,11.82,11.4,11.76,0,0.0,0.0
PHDC.CA,2026-05-14,11.76,11.9,11.7,11.9,0,0.0,0.0
PHDC.CA,2026-05-17,11.9,12.03,11.73,11.77,0,0.0,0.0
PHDC.CA,2026-05-18,11.77,12.0,11.73,11.94,0,0.0,0.0
PHDC.CA,2026-05-19,11.94,11.94,11.87,11.89,0,0.0,0.0
PHDC.CA,2026-05-20,11.89,12.2,11.8,12.08,0,0.0,0.0
PHDC.CA,2026-05-21,12.08,12.51,12.04,12.36,0,0.0,0.0
PHDC.CA,2026-05-24,12.36,12.46,12.04,12.17,0,0.0,0.0
PHDC.CA,2026-05-25,12.17,12.24,12.07,12.22,0,0.0,0.0
PHDC.CA,2026-05-26,12.22,12.36,11.94,12.02,0,0.0,0.0
PHDC.CA,2026-05-27,12.02,12.14,11.7,11.78,0,0.0,0.0
PHDC.CA,2026-05-28,11.78,12.07,11.69,11.95,0,0.0,0.0
PHDC.CA,2026-05-31,11.95,12.12,11.92,11.98,0,0.0,0.0
PHDC.CA,2026-06-01,11.98,12.07,11.85,11.94,0,0.0,0.0
PHDC.CA,2026-06-02,11.94,12.2,11.93,12.06,0,0.0,0.0
PHDC.CA,2026-06-03,12.06,12.23,11.99,12.21,0,0.0,0.0
PHDC.CA,2026-06-04,12.21,12.25,11.98,12.12,0,0.0,0.0
PHDC.CA,2026-06-07,12.12,12.18,12.0,12.14,0,0.0,0.0
PHDC.CA,2026-06-08,12.14,12.4,12.1,12.3,0,0.0,0.0
PHDC.CA,2026-06-09,12.3,12.48,12.21,12.38,0,0.0,0.0
PHDC.CA,2026-06-10,12.38,12.47,12.33,12.35,0,0.0,0.0
PHDC.CA,2026-06-11,12.35,12.6,12.27,12.59,0,0.0,0.0
PHDC.CA,2026-06-14,12.59,12.86,12.51,12.8,0,0.0,0.0
PHDC.CA,2026-06-15,12.8,12.95,12.52,12.53,0,0.0,0.0
PHDC.CA,2026-06-16,12.53,12.58,12.31,12.45,0,0.0,0.0
PHDC.CA,2026-06-17,12.45,12.45,12.22,12.25,0,0.0,0.0
PHDC.CA,2026-06-18,12.25,12.32,12.1,12.32,0,0.0,0.0
PHDC.CA,2026-06-21,12.32,12.41,12.23,12.31,0,0.0,0.0
PHDC.CA,2026-06-22,12.31,12.6,12.28,12.46,0,0.0,0.0
AUTO.CA,2026-01-01,35.0,35.2,34.21,34.27,0,0.0,0.0
AUTO.CA,2026-01-04,34.27,34.35,33.57,33.69,0,0.0,0.0
AUTO.CA,2026-01-05,33.69,34.38,33.59,34.03,0,0.0,0.0
AUTO.CA,2026-01-06,34.03,34.84,33.82,34.71,0,0.0,0.0
AUTO.CA,2026-01-07,34.71,35.27,34.51,35.08,0,0.0,0.0
AUTO.CA,2026-01-08,35.08,35.15,34.34,34.61,0,0.0,0.0
AUTO.CA,2026-01-11,34.61,34.76,34.06,34.28,0,0.0,0.0
AUTO.CA,2026-01-12,34.28,34.58,33.64,34.0,0,0.0,0.0
AUTO.CA,2026-01-13,34.0,34.73,33.72,34.57,0,0.0,0.0
AUTO.CA,2026-01-14,34.57,34.99,34.41,34.76,0,0.0,0.0
AUTO.CA,2026-01-15,34.76,35.0,34.55,34.57,0,0.0,0.0
AUTO.CA,2026-01-18,34.57,34.76,33.64,33.86,0,0.0,0.0
AUTO.CA,2026-01-19,33.86,34.59,33.5,34.35,0,0.0,0.0
AUTO.CA,2026-01-20,34.35,34.42,33.52,33.64,0,0.0,0.0
AUTO.CA,2026-01-21,33.64,33.67,33.19,33.43,0,0.0,0.0
AUTO.CA,2026-01-22,33.43,33.88,33.31,33.84,0,0.0,0.0
AUTO.CA,2026-01-25,33.84,34.01,33.29,33.59,0,0.0,0.0
AUTO.CA,2026-01-26,33.59,33.82,33.37,33.68,0,0.0,0.0
AUTO.CA,2026-01-27,33.68,33.78,32.86,33.09,0,0.0,0.0
AUTO.CA,2026-01-28,33.09,33.64,32.77,33.61,0,0.0,0.0
AUTO.CA,2026-01-29,33.61,34.11,33.49,33.99,0,0.0,0.0
AUTO.CA,2026-02-01,33.99,34.63,33.62,34.44,0,0.0,0.0
AUTO.CA,2026-02-02,34.44,34.5,33.75,33.87,0,0.0,0.0
AUTO.CA,2026-02-03,33.87,34.09,33.63,33.98,0,0.0,0.0
AUTO.CA,2026-02-04,33.98,35.05,33.87,34.71,0,0.0,0.0
AUTO.CA,2026-02-05,34.71,35.05,34.21,34.56,0,0.0,0.0
AUTO.CA,2026-02-08,34.56,34.81,34.52,34.78,0,0.0,0.0
AUTO.CA,2026-02-09,34.78,35.23,34.49,35.12,0,0.0,0.0
AUTO.CA,2026-02-10,35.12,35.33,34.88,35.21,0,0.0,0.0
AUTO.CA,2026-02-11,35.21,35.69,34.88,35.51,0,0.0,0.0
AUTO.CA,2026-02-12,35.51,35.66,34.68,34.92,0,0.0,0.0
AUTO.CA,2026-02-15,34.92,34.92,34.19,34.23,0,0.0,0.0
AUTO.CA,2026-02-16,34.23,34.67,34.17,34.51,0,0.0,0.0
AUTO.CA,2026-02-17,34.51,35.26,34.17,35.12,0,0.0,0.0
AUTO.CA,2026-02-18,35.12,36.13,35.02,35.79,0,0.0,0.0
AUTO.CA,2026-02-19,35.79,36.16,35.15,35.18,0,0.0,0.0
AUTO.CA,2026-02-22,35.18,35.66,35.08,35.35,0,0.0,0.0
AUTO.CA,2026-02-23,35.35,35.53,34.74,34.79,0,0.0,0.0
AUTO.CA,2026-02-24,34.79,35.52,34.42,35.18,0,0.0,0.0
AUTO.CA,2026-02-25,35.18,35.23,34.9,35.1,0,0.0,0.0
AUTO.CA,2026-02-26,35.1,35.73,34.98,35.35,0,0.0,0.0
AUTO.CA,2026-03-01,35.35,35.45,34.8,34.92,0,0.0,0.0
AUTO.CA,2026-03-02,34.92,35.35,34.67,35.01,0,0.0,0.0
AUTO.CA,2026-03-03,35.01,35.04,34.19,34.56,0,0.0,0.0
AUTO.CA,2026-03-04,34.56,34.64,33.51,33.82,0,0.0,0.0
AUTO.CA,2026-03-05,33.82,33.9,33.01,33.23,0,0.0,0.0
AUTO.CA,2026-03-08,33.23,34.03,33.12,33.75,0,0.0,0.0
AUTO.CA,2026-03-09,33.75,33.94,32.9,33.24,0,0.0,0.0
AUTO.CA,2026-03-10,33.24,33.6,32.72,33.04,0,0.0,0.0
AUTO.CA,2026-03-11,33.04,33.52,32.94,33.45,0,0.0,0.0
AUTO.CA,2026-03-12,33.45,33.77,32.93,33.17,0,0.0,0.0
AUTO.CA,2026-03-15,33.17,33.99,33.08,33.72,0,0.0,0.0
AUTO.CA,2026-03-16,33.72,33.73,33.01,33.26,0,0.0,0.0
AUTO.CA,2026-03-17,33.26,33.6,32.89,32.92,0,0.0,0.0
AUTO.CA,2026-03-18,32.92,33.1,32.23,32.41,0,0.0,0.0
AUTO.CA,2026-03-19,32.41,32.44,31.86,32.09,0,0.0,0.0
AUTO.CA,2026-03-22,32.09,32.19,31.84,31.98,0,0.0,0.0
AUTO.CA,2026-03-23,31.98,32.19,31.83,32.02,0,0.0,0.0
AUTO.CA,2026-03-24,32.02,32.57,31.94,32.23,0,0.0,0.0
AUTO.CA,2026-03-25,32.23,32.32,31.55,31.57,0,0.0,0.0
AUTO.CA,2026-03-26,31.57,31.79,30.94,31.19,0,0.0,0.0
AUTO.CA,2026-03-29,31.19,31.44,30.34,30.64,0,0.0,0.0
AUTO.CA,2026-03-30,30.64,30.9,30.12,30.24,0,0.0,0.0
AUTO.CA,2026-03-31,30.24,30.61,30.21,30.37,0,0.0,0.0
AUTO.CA,2026-04-01,30.37,30.8,30.27,30.64,0,0.0,0.0
AUTO.CA,2026-04-02,30.64,30.75,30.27,30.29,0,0.0,0.0
AUTO.CA,2026-04-05,30.29,30.87,30.29,30.82,0,0.0,0.0
AUTO.CA,2026-04-06,30.82,30.88,30.5,30.59,0,0.0,0.0
AUTO.CA,2026-04-07,30.59,31.12,30.39,30.83,0,0.0,0.0
AUTO.CA,2026-04-08,30.83,31.11,30.75,30.94,0,0.0,0.0
AUTO.CA,2026-04-09,30.94,31.56,30.6,31.37,0,0.0,0.0
AUTO.CA,2026-04-12,31.37,31.46,31.32,31.4,0,0.0,0.0
AUTO.CA,2026-04-13,31.4,31.65,30.97,31.13,0,0.0,0.0
AUTO.CA,2026-04-14,31.13,31.89,30.96,31.8,0,0.0,0.0
AUTO.CA,2026-04-15,31.8,31.92,30.87,31.12,0,0.0,0.0
AUTO.CA,2026-04-16,31.12,31.79,30.81,31.5,0,0.0,0.0
AUTO.CA,2026-04-19,31.5,31.74,30.71,30.96,0,0.0,0.0
AUTO.CA,2026-04-20,30.96,31.9,30.74,31.61,0,0.0,0.0
AUTO.CA,2026-04-21,31.61,31.69,31.35,31.61,0,0.0,0.0
AUTO.CA,2026-04-22,31.61,31.87,31.34,31.41,0,0.0,0.0
AUTO.CA,2026-04-23,31.41,31.93,31.11,31.6,0,0.0,0.0
AUTO.CA,2026-04-26,31.6,32.32,31.27,32.16,0,0.0,0.0
AUTO.CA,2026-04-27,32.16,32.4,31.52,31.83,0,0.0,0.0
AUTO.CA,2026-04-28,31.83,32.18,31.6,31.71,0,0.0,0.0
AUTO.CA,2026-04-29,31.71,31.86,31.5,31.74,0,0.0,0.0
AUTO.CA,2026-04-30,31.74,32.08,31.4,31.68,0,0.0,0.0
AUTO.CA,2026-05-03,31.68,32.5,31.44,32.33,0,0.0,0.0
AUTO.CA,2026-05-04,32.33,32.67,31.61,31.83,0,0.0,0.0
AUTO.CA,2026-05-05,31.83,31.93,31.28,31.56,0,0.0,0.0
AUTO.CA,2026-05-06,31.56,31.66,30.71,30.92,0,0.0,0.0
AUTO.CA,2026-05-07,30.92,31.07,30.44,30.66,0,0.0,0.0
AUTO.CA,2026-05-10,30.66,30.78,30.22,30.32,0,0.0,0.0
AUTO.CA,2026-05-11,30.32,30.8,30.27,30.54,0,0.0,0.0
AUTO.CA,2026-05-12,30.54,30.87,30.16,30.23,0,0.0,0.0
AUTO.CA,2026-05-13,30.23,30.3,29.51,29.67,0,0.0,0.0
AUTO.CA,2026-05-14,29.67,30.29,29.53,30.08,0,0.0,0.0
AUTO.CA,2026-05-17,30.08,30.17,29.45,29.55,0,0.0,0.0
AUTO.CA,2026-05-18,29.55,29.85,29.45,29.63,0,0.0,0.0
AUTO.CA,2026-05-19,29.63,29.94,29.59,29.87,0,0.0,0.0
AUTO.CA,2026-05-20,29.87,29.9,29.42,29.61,0,0.0,0.0
AUTO.CA,2026-05-21,29.61,29.79,29.32,29.67,0,0.0,0.0
AUTO.CA,2026-05-24,29.67,29.81,29.1,29.2,0,0.0,0.0
AUTO.CA,2026-05-25,29.2,29.62,29.06,29.47,0,0.0,0.0
AUTO.CA,2026-05-26,29.47,29.48,29.17,29.35,0,0.0,0.0
AUTO.CA,2026-05-27,29.35,29.59,29.05,29.25,0,0.0,0.0
AUTO.CA,2026-05-28,29.25,29.41,28.88,28.92,0,0.0,0.0
AUTO.CA,2026-05-31,28.92,29.09,28.68,29.0,0,0.0,0.0
AUTO.CA,2026-06-01,29.0,29.0,28.62,28.88,0,0.0,0.0
AUTO.CA,2026-06-02,28.88,28.9,28.81,28.83,0,0.0,0.0
AUTO.CA,2026-06-03,28.83,29.13,28.8,29.02,0,0.0,0.0
AUTO.CA,2026-06-04,29.02,29.13,28.98,29.0,0,0.0,0.0
AUTO.CA,2026-06-07,29.0,29.46,28.98,29.22,0,0.0,0.0
AUTO.CA,2026-06-08,29.22,29.46,28.6,28.76,0,0.0,0.0
AUTO.CA,2026-06-09,28.76,29.25,28.66,28.98,0,0.0,0.0
AUTO.CA,2026-06-10,28.98,29.6,28.83,29.6,0,0.0,0.0
AUTO.CA,2026-06-11,29.6,29.6,28.9,29.1,0,0.0,0.0
AUTO.CA,2026-06-14,29.1,29.17,28.43,28.58,0,0.0,0.0
AUTO.CA,2026-06-15,28.58,28.6,28.47,28.51,0,0.0,0.0
AUTO.CA,2026-06-16,28.51,29.38,28.25,29.12,0,0.0,0.0
AUTO.CA,2026-06-17,29.12,29.75,28.84,29.53,0,0.0,0.0
AUTO.CA,2026-06-18,29.53,29.74,29.38,29.44,0,0.0,0.0
AUTO.CA,2026-06-21,29.44,29.7,29.2,29.64,0,0.0,0.0
AUTO.CA,2026-06-22,29.64,29.73,29.39,29.61,0,0.0,0.0
